,segmento,n_seg_grupo,n_seg,n_grupo,total,per_grupo_seg,per_grupo_total,diferenca,diferenca_abs,converteu
75,- BANCÁRIO,107,120,486537,866578,0.8916666666666667,0.5614462864277653,0.33022038023890143,0.33022038023890143,0.0
1327,- MALE b 25-34 anos SP SUDESTE Casado,176,208,486537,866578,0.8461538461538461,0.5614462864277653,0.28470755972608086,0.28470755972608086,0.0
432,- ROUPAS MASCULINAS E FEMININAS,73,87,486537,866578,0.8390804597701149,0.5614462864277653,0.27763417334234963,0.27763417334234963,0.0
1163,- MALE b 25-34 anos AL NORDESTE Casado,52,62,486537,866578,0.8387096774193549,0.5614462864277653,0.2772633909915896,0.2772633909915896,0.0
1506,- MALE c 35-44 anos SP SUDESTE Casado,212,259,486537,866578,0.8185328185328186,0.5614462864277653,0.2570865321050533,0.2570865321050533,0.0
423,- SUPERVISOR DE EMPRESA,57,71,486537,866578,0.8028169014084507,0.5614462864277653,0.24137061498068546,0.24137061498068546,0.0
534,- MALE c 35-44 anos PR,94,118,486537,866578,0.7966101694915254,0.5614462864277653,0.23516388306376013,0.23516388306376013,0.0
534,- MALE c 35-44 anos PR SUL,94,118,486537,866578,0.7966101694915254,0.5614462864277653,0.23516388306376013,0.23516388306376013,0.0
549,- MALE c 35-44 anos SP SUDESTE,474,598,486537,866578,0.7926421404682275,0.5614462864277653,0.23119585404046217,0.23119585404046217,0.0
549,- MALE c 35-44 anos SP,474,598,486537,866578,0.7926421404682275,0.5614462864277653,0.23119585404046217,0.23119585404046217,0.0
550,- MALE c 35-44 anos SP SUDESTE,124,598,380041,866578,0.20735785953177258,0.4385537135722347,-0.23119585404046214,0.23119585404046214,1.0
550,- MALE c 35-44 anos SP,124,598,380041,866578,0.20735785953177258,0.4385537135722347,-0.23119585404046214,0.23119585404046214,1.0
481,- MALE b 25-34 anos PR SUL,127,161,486537,866578,0.7888198757763976,0.5614462864277653,0.22737358934863228,0.22737358934863228,0.0
481,- MALE b 25-34 anos PR,127,161,486537,866578,0.7888198757763976,0.5614462864277653,0.22737358934863228,0.22737358934863228,0.0
543,- MALE c 35-44 anos RS,56,71,486537,866578,0.7887323943661971,0.5614462864277653,0.22728610793843185,0.22728610793843185,0.0
543,- MALE c 35-44 anos RS SUL,56,71,486537,866578,0.7887323943661971,0.5614462864277653,0.22728610793843185,0.22728610793843185,0.0
245,- LAVRADOR,66,84,486537,866578,0.7857142857142857,0.5614462864277653,0.22426799928652041,0.22426799928652041,0.0
497,- MALE b 25-34 anos SP SUDESTE,215,991,380041,866578,0.21695257315842584,0.4385537135722347,-0.22160114041380888,0.22160114041380888,1.0
497,- MALE b 25-34 anos SP,215,991,380041,866578,0.21695257315842584,0.4385537135722347,-0.22160114041380888,0.22160114041380888,1.0
496,- MALE b 25-34 anos SP,776,991,486537,866578,0.7830474268415741,0.5614462864277653,0.22160114041380885,0.22160114041380885,0.0
496,- MALE b 25-34 anos SP SUDESTE,776,991,486537,866578,0.7830474268415741,0.5614462864277653,0.22160114041380885,0.22160114041380885,0.0
6,- d 3-4 anos de conta,1442,1842,486537,866578,0.7828447339847991,0.5614462864277653,0.22139844755703386,0.22139844755703386,0.0
7,- d 3-4 anos de conta,400,1842,380041,866578,0.21715526601520088,0.4385537135722347,-0.22139844755703383,0.22139844755703383,1.0
352,- PROFESSOR,218,280,486537,866578,0.7785714285714286,0.5614462864277653,0.2171251421436633,0.2171251421436633,0.0
353,- PROFESSOR,62,280,380041,866578,0.22142857142857142,0.4385537135722347,-0.2171251421436633,0.2171251421436633,1.0
16,- i Mestrado incompleto,62,80,486537,866578,0.775,0.5614462864277653,0.21355371357223474,0.21355371357223474,0.0
217,- GERENTE GERAL DE EMPRESA,93,120,486537,866578,0.775,0.5614462864277653,0.21355371357223474,0.21355371357223474,0.0
545,- MALE c 35-44 anos SC SUL,55,71,486537,866578,0.7746478873239436,0.5614462864277653,0.21320160089617834,0.21320160089617834,0.0
545,- MALE c 35-44 anos SC,55,71,486537,866578,0.7746478873239436,0.5614462864277653,0.21320160089617834,0.21320160089617834,0.0
134,- DESIGNER,212,274,486537,866578,0.7737226277372263,0.5614462864277653,0.21227634130946105,0.21227634130946105,0.0
135,- DESIGNER,62,274,380041,866578,0.22627737226277372,0.4385537135722347,-0.212276341309461,0.212276341309461,1.0
8,- e 4-5 anos de conta,471,609,486537,866578,0.7733990147783252,0.5614462864277653,0.2119527283505599,0.2119527283505599,0.0
9,- e 4-5 anos de conta,138,609,380041,866578,0.22660098522167488,0.4385537135722347,-0.21195272835055984,0.21195272835055984,1.0
492,- MALE b 25-34 anos SC SUL,95,123,486537,866578,0.7723577235772358,0.5614462864277653,0.21091143714947047,0.21091143714947047,0.0
492,- MALE b 25-34 anos SC,95,123,486537,866578,0.7723577235772358,0.5614462864277653,0.21091143714947047,0.21091143714947047,0.0
1317,- MALE b 25-34 anos SC SUL Solteiro,71,92,486537,866578,0.7717391304347826,0.5614462864277653,0.2102928440070173,0.2102928440070173,0.0
429,- TECNÓLOGO DE NÍVEL MÉDIO,54,70,486537,866578,0.7714285714285715,0.5614462864277653,0.20998228500080618,0.20998228500080618,0.0
1513,- MALE c 35-44 anos SP SUDESTE Solteiro,62,264,380041,866578,0.23484848484848486,0.4385537135722347,-0.20370522872374985,0.20370522872374985,1.0
1512,- MALE c 35-44 anos SP SUDESTE Solteiro,202,264,486537,866578,0.7651515151515151,0.5614462864277653,0.20370522872374985,0.20370522872374985,0.0
1333,- MALE b 25-34 anos SP SUDESTE Solteiro,559,732,486537,866578,0.7636612021857924,0.5614462864277653,0.20221491575802708,0.20221491575802708,0.0
1334,- MALE b 25-34 anos SP SUDESTE Solteiro,173,732,380041,866578,0.23633879781420766,0.4385537135722347,-0.20221491575802705,0.20221491575802705,1.0
165,- ENGENHEIRO,70,295,380041,866578,0.23728813559322035,0.4385537135722347,-0.20126557797901437,0.20126557797901437,1.0
164,- ENGENHEIRO,225,295,486537,866578,0.7627118644067796,0.5614462864277653,0.20126557797901434,0.20126557797901434,0.0
1282,- MALE b 25-34 anos RJ SUDESTE Casado,61,80,486537,866578,0.7625,0.5614462864277653,0.20105371357223467,0.20105371357223467,0.0
95,- CATÁLOGOS DE LOJAS VAREJO E VENDA POR TV,92,387,380041,866578,0.23772609819121446,0.4385537135722347,-0.20082761538102026,0.20082761538102026,1.0
94,- CATÁLOGOS DE LOJAS VAREJO E VENDA POR TV,295,387,486537,866578,0.7622739018087855,0.5614462864277653,0.20082761538102023,0.20082761538102023,0.0
14,- h Pós graduação completa,857,1126,486537,866578,0.761101243339254,0.5614462864277653,0.1996549569114887,0.1996549569114887,0.0
15,- h Pós graduação completa,269,1126,380041,866578,0.238898756660746,0.4385537135722347,-0.1996549569114887,0.1996549569114887,1.0
1231,- MALE b 25-34 anos MG SUDESTE Solteiro,82,342,380041,866578,0.23976608187134502,0.4385537135722347,-0.1987876317008897,0.1987876317008897,1.0
1230,- MALE b 25-34 anos MG SUDESTE Solteiro,260,342,486537,866578,0.7602339181286549,0.5614462864277653,0.19878763170088964,0.19878763170088964,0.0
490,- MALE b 25-34 anos RS SUL,98,129,486537,866578,0.7596899224806202,0.5614462864277653,0.1982436360528549,0.1982436360528549,0.0
490,- MALE b 25-34 anos RS,98,129,486537,866578,0.7596899224806202,0.5614462864277653,0.1982436360528549,0.1982436360528549,0.0
1676,- MALE d 45-54 anos SP SUDESTE Solteiro,59,78,486537,866578,0.7564102564102564,0.5614462864277653,0.1949639699824911,0.1949639699824911,0.0
18,- j Mestrado completo,93,123,486537,866578,0.7560975609756098,0.5614462864277653,0.19465127454784448,0.19465127454784448,0.0
1222,- MALE b 25-34 anos MA NORDESTE Solteiro,96,127,486537,866578,0.7559055118110236,0.5614462864277653,0.19445922538325833,0.19445922538325833,0.0
526,- MALE c 35-44 anos PA,65,86,486537,866578,0.7558139534883721,0.5614462864277653,0.19436766706060682,0.19436766706060682,0.0
526,- MALE c 35-44 anos PA NORTE,65,86,486537,866578,0.7558139534883721,0.5614462864277653,0.19436766706060682,0.19436766706060682,0.0
284,- MOTORISTA ESPECIALIZADO,53,217,380041,866578,0.24423963133640553,0.4385537135722347,-0.1943140822358292,0.1943140822358292,1.0
283,- MOTORISTA ESPECIALIZADO,164,217,486537,866578,0.7557603686635944,0.5614462864277653,0.19431408223582913,0.19431408223582913,0.0
1280,- MALE b 25-34 anos PR SUL Solteiro,80,106,486537,866578,0.7547169811320755,0.5614462864277653,0.19327069470431024,0.19327069470431024,0.0
541,- VENDAS DE ROUPAS PARA FAMÍLIA,163,216,486537,866578,0.7546296296296297,0.5614462864277653,0.19318334320186437,0.19318334320186437,0.0
542,- VENDAS DE ROUPAS PARA FAMÍLIA,53,216,380041,866578,0.24537037037037038,0.4385537135722347,-0.19318334320186434,0.19318334320186434,1.0
1465,- MALE c 35-44 anos RJ SUDESTE Casado,64,85,486537,866578,0.7529411764705882,0.5614462864277653,0.19149489004282294,0.19149489004282294,0.0
408,- PROFISSIONAIS NÃO RELACIONADOS,68,275,380041,866578,0.24727272727272728,0.4385537135722347,-0.19128098629950743,0.19128098629950743,1.0
407,- PROFISSIONAIS NÃO RELACIONADOS,207,275,486537,866578,0.7527272727272727,0.5614462864277653,0.1912809862995074,0.1912809862995074,0.0
1289,- MALE b 25-34 anos RJ SUDESTE Solteiro,63,249,380041,866578,0.25301204819277107,0.4385537135722347,-0.18554166537946365,0.18554166537946365,1.0
1288,- MALE b 25-34 anos RJ SUDESTE Solteiro,186,249,486537,866578,0.7469879518072289,0.5614462864277653,0.1855416653794636,0.1855416653794636,0.0
483,- MALE b 25-34 anos RJ SUDESTE,259,347,486537,866578,0.7463976945244957,0.5614462864277653,0.18495140809673039,0.18495140809673039,0.0
484,- MALE b 25-34 anos RJ SUDESTE,88,347,380041,866578,0.25360230547550433,0.4385537135722347,-0.18495140809673039,0.18495140809673039,1.0
483,- MALE b 25-34 anos RJ,259,347,486537,866578,0.7463976945244957,0.5614462864277653,0.18495140809673039,0.18495140809673039,0.0
484,- MALE b 25-34 anos RJ,88,347,380041,866578,0.25360230547550433,0.4385537135722347,-0.18495140809673039,0.18495140809673039,1.0
1224,- MALE b 25-34 anos MG SUDESTE Casado,84,113,486537,866578,0.7433628318584071,0.5614462864277653,0.18191654543064184,0.18191654543064184,0.0
1309,- MALE b 25-34 anos RS SUL Solteiro,75,101,486537,866578,0.7425742574257426,0.5614462864277653,0.18112797099797728,0.18112797099797728,0.0
381,- PEÇAS E ACESSÓRIOS AUTOMOTIVOS,74,100,486537,866578,0.74,0.5614462864277653,0.1785537135722347,0.1785537135722347,0.0
571,- MALE d 45-54 anos MG,71,96,486537,866578,0.7395833333333334,0.5614462864277653,0.17813704690556809,0.17813704690556809,0.0
571,- MALE d 45-54 anos MG SUDESTE,71,96,486537,866578,0.7395833333333334,0.5614462864277653,0.17813704690556809,0.17813704690556809,0.0
467,- MALE b 25-34 anos MG SUDESTE,352,476,486537,866578,0.7394957983193278,0.5614462864277653,0.17804951189156248,0.17804951189156248,0.0
467,- MALE b 25-34 anos MG,352,476,486537,866578,0.7394957983193278,0.5614462864277653,0.17804951189156248,0.17804951189156248,0.0
468,- MALE b 25-34 anos MG,124,476,380041,866578,0.2605042016806723,0.4385537135722347,-0.17804951189156243,0.17804951189156243,1.0
468,- MALE b 25-34 anos MG SUDESTE,124,476,380041,866578,0.2605042016806723,0.4385537135722347,-0.17804951189156243,0.17804951189156243,1.0
601,- MALE d 45-54 anos SP,56,214,380041,866578,0.2616822429906542,0.4385537135722347,-0.17687147058158054,0.17687147058158054,1.0
601,- MALE d 45-54 anos SP SUDESTE,56,214,380041,866578,0.2616822429906542,0.4385537135722347,-0.17687147058158054,0.17687147058158054,1.0
600,- MALE d 45-54 anos SP SUDESTE,158,214,486537,866578,0.7383177570093458,0.5614462864277653,0.17687147058158048,0.17687147058158048,0.0
258,"- MECÂNICO DE MOTORES, MÁQUINAS E EQUIPAMENTOS",79,107,486537,866578,0.7383177570093458,0.5614462864277653,0.17687147058158048,0.17687147058158048,0.0
600,- MALE d 45-54 anos SP,158,214,486537,866578,0.7383177570093458,0.5614462864277653,0.17687147058158048,0.17687147058158048,0.0
312,- OUTRO,202,766,380041,866578,0.26370757180156656,0.4385537135722347,-0.17484614177066815,0.17484614177066815,1.0
311,- OUTRO,564,766,486537,866578,0.7362924281984334,0.5614462864277653,0.17484614177066815,0.17484614177066815,0.0
3,- ADMINISTRADOR DE EMPRESAS,115,436,380041,866578,0.26376146788990823,0.4385537135722347,-0.17479224568232649,0.17479224568232649,1.0
2,- ADMINISTRADOR DE EMPRESAS,321,436,486537,866578,0.7362385321100917,0.5614462864277653,0.17479224568232643,0.17479224568232643,0.0
464,- MALE b 25-34 anos GO CENTRO-OESTE,52,197,380041,866578,0.2639593908629442,0.4385537135722347,-0.17459432270929054,0.17459432270929054,1.0
463,- MALE b 25-34 anos GO CENTRO-OESTE,145,197,486537,866578,0.7360406091370558,0.5614462864277653,0.17459432270929054,0.17459432270929054,0.0
463,- MALE b 25-34 anos GO,145,197,486537,866578,0.7360406091370558,0.5614462864277653,0.17459432270929054,0.17459432270929054,0.0
464,- MALE b 25-34 anos GO,52,197,380041,866578,0.2639593908629442,0.4385537135722347,-0.17459432270929054,0.17459432270929054,1.0
468,"- SERVIÇOS PÚBLICOS (ÁGUA, LUZ, GÁS E TELEFONE)",155,211,486537,866578,0.7345971563981043,0.5614462864277653,0.17315086997033902,0.17315086997033902,0.0
469,"- SERVIÇOS PÚBLICOS (ÁGUA, LUZ, GÁS E TELEFONE)",56,211,380041,866578,0.26540284360189575,0.4385537135722347,-0.17315086997033896,0.17315086997033896,1.0
5,- c 2-3 anos de conta,511,1925,380041,866578,0.26545454545454544,0.4385537135722347,-0.17309916811768927,0.17309916811768927,1.0
4,- c 2-3 anos de conta,1414,1925,486537,866578,0.7345454545454545,0.5614462864277653,0.17309916811768922,0.17309916811768922,0.0
1413,- MALE c 35-44 anos MG SUDESTE Solteiro,94,128,486537,866578,0.734375,0.5614462864277653,0.17292871357223472,0.17292871357223472,0.0
1670,- MALE d 45-54 anos SP SUDESTE Casado,68,93,486537,866578,0.7311827956989247,0.5614462864277653,0.16973650927115946,0.16973650927115946,0.0
1479,- MALE c 35-44 anos RN NORDESTE Solteiro,76,104,486537,866578,0.7307692307692307,0.5614462864277653,0.16932294434146544,0.16932294434146544,0.0
112,- CONTADOR,104,143,486537,866578,0.7272727272727273,0.5614462864277653,0.165826440844962,0.165826440844962,0.0
1214,- MALE b 25-34 anos GO CENTRO-OESTE Solteiro,98,135,486537,866578,0.725925925925926,0.5614462864277653,0.1644796394981607,0.1644796394981607,0.0
13,- g Pós graduação incompleta,129,470,380041,866578,0.274468085106383,0.4385537135722347,-0.16408562846585173,0.16408562846585173,1.0
12,- g Pós graduação incompleta,341,470,486537,866578,0.725531914893617,0.5614462864277653,0.16408562846585173,0.16408562846585173,0.0
1471,- MALE c 35-44 anos RJ SUDESTE Solteiro,89,123,486537,866578,0.7235772357723578,0.5614462864277653,0.1621309493445925,0.1621309493445925,0.0
441,- FEMALE b 25-34 anos SP SUDESTE Solteiro,94,340,380041,866578,0.27647058823529413,0.4385537135722347,-0.16208312533694058,0.16208312533694058,1.0
440,- FEMALE b 25-34 anos SP SUDESTE Solteiro,246,340,486537,866578,0.7235294117647059,0.5614462864277653,0.16208312533694058,0.16208312533694058,0.0
50,- SP,2682,3707,486537,866578,0.7234960884812517,0.5614462864277653,0.1620498020534864,0.1620498020534864,0.0
51,- SP,1025,3707,380041,866578,0.2765039115187483,0.4385537135722347,-0.1620498020534864,0.1620498020534864,1.0
27,- ANALISTA DE SISTEMAS,149,536,380041,866578,0.27798507462686567,0.4385537135722347,-0.16056863894536905,0.16056863894536905,1.0
26,- ANALISTA DE SISTEMAS,387,536,486537,866578,0.7220149253731343,0.5614462864277653,0.160568638945369,0.160568638945369,0.0
1440,- MALE c 35-44 anos PE NORDESTE Casado,122,169,486537,866578,0.7218934911242604,0.5614462864277653,0.1604472046964951,0.1604472046964951,0.0
11,- F mais de R$ 5000,1023,3658,380041,866578,0.2796610169491525,0.4385537135722347,-0.1588926966230822,0.1588926966230822,1.0
10,- F mais de R$ 5000,2635,3658,486537,866578,0.7203389830508474,0.5614462864277653,0.15889269662308214,0.15889269662308214,0.0
536,- MALE c 35-44 anos RJ,175,243,486537,866578,0.720164609053498,0.5614462864277653,0.1587183226257327,0.1587183226257327,0.0
536,- MALE c 35-44 anos RJ SUDESTE,175,243,486537,866578,0.720164609053498,0.5614462864277653,0.1587183226257327,0.1587183226257327,0.0
537,- MALE c 35-44 anos RJ,68,243,380041,866578,0.27983539094650206,0.4385537135722347,-0.15871832262573266,0.15871832262573266,1.0
537,- MALE c 35-44 anos RJ SUDESTE,68,243,380041,866578,0.27983539094650206,0.4385537135722347,-0.15871832262573266,0.15871832262573266,1.0
625,- FEMALE c 35-44 anos SP SUDESTE Solteiro,77,107,486537,866578,0.719626168224299,0.5614462864277653,0.15817988179653375,0.15817988179653375,0.0
502,- VENDEDOR ESPECIALIZADO,115,160,486537,866578,0.71875,0.5614462864277653,0.15730371357223472,0.15730371357223472,0.0
47,- ASSISTENTE DE NÍVEL TÉCNICO,101,141,486537,866578,0.7163120567375887,0.5614462864277653,0.1548657703098234,0.1548657703098234,0.0
132,- DESENVOLVEDOR DE SOFTWARES,93,130,486537,866578,0.7153846153846154,0.5614462864277653,0.1539383289568501,0.1539383289568501,0.0
29,- MALE c 35-44 anos,2733,3823,486537,866578,0.7148835992675909,0.5614462864277653,0.15343731283982565,0.15343731283982565,0.0
30,- MALE c 35-44 anos,1090,3823,380041,866578,0.2851164007324091,0.4385537135722347,-0.1534373128398256,0.1534373128398256,1.0
107,- COMÉRCIO DE ELETRÔNICOS E INFORMÁTICA,120,168,486537,866578,0.7142857142857143,0.5614462864277653,0.15283942785794902,0.15283942785794902,0.0
587,- FEMALE c 35-44 anos RN NORDESTE Solteiro,55,77,486537,866578,0.7142857142857143,0.5614462864277653,0.15283942785794902,0.15283942785794902,0.0
10493,- MALE b 25-34 anos PE NORDESTE Solteiro AUTÔNOMO,80,112,486537,866578,0.7142857142857143,0.5614462864277653,0.15283942785794902,0.15283942785794902,0.0
539,- MALE c 35-44 anos RN NORDESTE,52,179,380041,866578,0.2905027932960894,0.4385537135722347,-0.1480509202761453,0.1480509202761453,1.0
538,- MALE c 35-44 anos RN,127,179,486537,866578,0.7094972067039106,0.5614462864277653,0.1480509202761453,0.1480509202761453,0.0
538,- MALE c 35-44 anos RN NORDESTE,127,179,486537,866578,0.7094972067039106,0.5614462864277653,0.1480509202761453,0.1480509202761453,0.0
539,- MALE c 35-44 anos RN,52,179,380041,866578,0.2905027932960894,0.4385537135722347,-0.1480509202761453,0.1480509202761453,1.0
521,- MALE c 35-44 anos MG SUDESTE,85,292,380041,866578,0.2910958904109589,0.4385537135722347,-0.14745782316127581,0.14745782316127581,1.0
521,- MALE c 35-44 anos MG,85,292,380041,866578,0.2910958904109589,0.4385537135722347,-0.14745782316127581,0.14745782316127581,1.0
520,- MALE c 35-44 anos MG SUDESTE,207,292,486537,866578,0.708904109589041,0.5614462864277653,0.14745782316127576,0.14745782316127576,0.0
520,- MALE c 35-44 anos MG,207,292,486537,866578,0.708904109589041,0.5614462864277653,0.14745782316127576,0.14745782316127576,0.0
450,- MALE b 25-34 anos AL,69,237,380041,866578,0.2911392405063291,0.4385537135722347,-0.1474144730659056,0.1474144730659056,1.0
449,- MALE b 25-34 anos AL NORDESTE,168,237,486537,866578,0.7088607594936709,0.5614462864277653,0.1474144730659056,0.1474144730659056,0.0
450,- MALE b 25-34 anos AL NORDESTE,69,237,380041,866578,0.2911392405063291,0.4385537135722347,-0.1474144730659056,0.1474144730659056,1.0
449,- MALE b 25-34 anos AL,168,237,486537,866578,0.7088607594936709,0.5614462864277653,0.1474144730659056,0.1474144730659056,0.0
35,- PR,207,708,380041,866578,0.2923728813559322,0.4385537135722347,-0.14618083221630251,0.14618083221630251,1.0
34,- PR,501,708,486537,866578,0.7076271186440678,0.5614462864277653,0.14618083221630251,0.14618083221630251,0.0
407,- SEGURANÇA,53,181,380041,866578,0.292817679558011,0.4385537135722347,-0.1457360340142237,0.1457360340142237,1.0
406,- SEGURANÇA,128,181,486537,866578,0.7071823204419889,0.5614462864277653,0.14573603401422364,0.14573603401422364,0.0
587,- MALE d 45-54 anos RJ,101,143,486537,866578,0.7062937062937062,0.5614462864277653,0.14484741986594096,0.14484741986594096,0.0
587,- MALE d 45-54 anos RJ SUDESTE,101,143,486537,866578,0.7062937062937062,0.5614462864277653,0.14484741986594096,0.14484741986594096,0.0
1325,- MALE b 25-34 anos SE NORDESTE Solteiro,72,102,486537,866578,0.7058823529411765,0.5614462864277653,0.14443606651341123,0.14443606651341123,0.0
144,- DOMÉSTICO,115,163,486537,866578,0.7055214723926381,0.5614462864277653,0.1440751859648728,0.1440751859648728,0.0
465,- MALE b 25-34 anos MA,117,166,486537,866578,0.7048192771084337,0.5614462864277653,0.14337299068066844,0.14337299068066844,0.0
465,- MALE b 25-34 anos MA NORDESTE,117,166,486537,866578,0.7048192771084337,0.5614462864277653,0.14337299068066844,0.14337299068066844,0.0
44,- RS,384,545,486537,866578,0.7045871559633028,0.5614462864277653,0.1431408695355375,0.1431408695355375,0.0
45,- RS,161,545,380041,866578,0.29541284403669726,0.4385537135722347,-0.14314086953553745,0.14314086953553745,1.0
8,- SUL,1209,1717,486537,866578,0.7041351193942924,0.5614462864277653,0.14268883296652712,0.14268883296652712,0.0
9,- SUL,508,1717,380041,866578,0.29586488060570765,0.4385537135722347,-0.14268883296652707,0.14268883296652707,1.0
1259,- MALE b 25-34 anos PE NORDESTE Casado,56,189,380041,866578,0.2962962962962963,0.4385537135722347,-0.14225741727593844,0.14225741727593844,1.0
1258,- MALE b 25-34 anos PE NORDESTE Casado,133,189,486537,866578,0.7037037037037037,0.5614462864277653,0.14225741727593844,0.14225741727593844,0.0
1375,- MALE c 35-44 anos CE NORDESTE Solteiro,121,172,486537,866578,0.7034883720930233,0.5614462864277653,0.142042085665258,0.142042085665258,0.0
1376,- MALE c 35-44 anos CE NORDESTE Solteiro,51,172,380041,866578,0.29651162790697677,0.4385537135722347,-0.14204208566525794,0.14204208566525794,1.0
191,- FEMALE b 25-34 anos PR SUL,71,101,486537,866578,0.7029702970297029,0.5614462864277653,0.14152401060193764,0.14152401060193764,0.0
191,- FEMALE b 25-34 anos PR,71,101,486537,866578,0.7029702970297029,0.5614462864277653,0.14152401060193764,0.14152401060193764,0.0
27,- MALE b 25-34 anos,4652,6625,486537,866578,0.702188679245283,0.5614462864277653,0.14074239281751777,0.14074239281751777,0.0
28,- MALE b 25-34 anos,1973,6625,380041,866578,0.297811320754717,0.4385537135722347,-0.14074239281751771,0.14074239281751771,1.0
502,- MALE c 35-44 anos AL NORDESTE,75,107,486537,866578,0.7009345794392523,0.5614462864277653,0.13948829301148702,0.13948829301148702,0.0
502,- MALE c 35-44 anos AL,75,107,486537,866578,0.7009345794392523,0.5614462864277653,0.13948829301148702,0.13948829301148702,0.0
366,- FEMALE b 25-34 anos PB NORDESTE Solteiro,88,126,486537,866578,0.6984126984126984,0.5614462864277653,0.1369664119849331,0.1369664119849331,0.0
46,- SC,324,464,486537,866578,0.6982758620689655,0.5614462864277653,0.13682957564120024,0.13682957564120024,0.0
47,- SC,140,464,380041,866578,0.3017241379310345,0.4385537135722347,-0.13682957564120024,0.13682957564120024,1.0
412,- PROVEDORES DE ACESSO / REDE COMPUTADORES,69,228,380041,866578,0.3026315789473684,0.4385537135722347,-0.1359221346248663,0.1359221346248663,1.0
411,- PROVEDORES DE ACESSO / REDE COMPUTADORES,159,228,486537,866578,0.6973684210526315,0.5614462864277653,0.13592213462486624,0.13592213462486624,0.0
13,- DF,91,300,380041,866578,0.30333333333333334,0.4385537135722347,-0.13522038023890137,0.13522038023890137,1.0
12,- DF,209,300,486537,866578,0.6966666666666667,0.5614462864277653,0.13522038023890137,0.13522038023890137,0.0
510,- MALE c 35-44 anos CE,241,346,486537,866578,0.6965317919075145,0.5614462864277653,0.13508550547974918,0.13508550547974918,0.0
510,- MALE c 35-44 anos CE NORDESTE,241,346,486537,866578,0.6965317919075145,0.5614462864277653,0.13508550547974918,0.13508550547974918,0.0
511,- MALE c 35-44 anos CE NORDESTE,105,346,380041,866578,0.30346820809248554,0.4385537135722347,-0.13508550547974918,0.13508550547974918,1.0
511,- MALE c 35-44 anos CE,105,346,380041,866578,0.30346820809248554,0.4385537135722347,-0.13508550547974918,0.13508550547974918,1.0
271,- MICRO EMPRESÁRIO,98,141,486537,866578,0.6950354609929078,0.5614462864277653,0.13358917456514252,0.13358917456514252,0.0
285,- LOJAS DE DISCO,56,98,380041,866578,0.5714285714285714,0.4385537135722347,0.13287485785633668,0.13287485785633668,1.0
1407,- MALE c 35-44 anos MG SUDESTE Casado,93,134,486537,866578,0.6940298507462687,0.5614462864277653,0.13258356431850338,0.13258356431850338,0.0
531,- MALE c 35-44 anos PE,132,431,380041,866578,0.3062645011600928,0.4385537135722347,-0.13228921241214192,0.13228921241214192,1.0
531,- MALE c 35-44 anos PE NORDESTE,132,431,380041,866578,0.3062645011600928,0.4385537135722347,-0.13228921241214192,0.13228921241214192,1.0
530,- MALE c 35-44 anos PE NORDESTE,299,431,486537,866578,0.6937354988399071,0.5614462864277653,0.13228921241214187,0.13228921241214187,0.0
530,- MALE c 35-44 anos PE,299,431,486537,866578,0.6937354988399071,0.5614462864277653,0.13228921241214187,0.13228921241214187,0.0
421,- ROUPA MASCULINA E FEMININA,63,91,486537,866578,0.6923076923076923,0.5614462864277653,0.130861405879927,0.130861405879927,0.0
207,- FEMALE b 25-34 anos SP,160,518,380041,866578,0.3088803088803089,0.4385537135722347,-0.12967340469192584,0.12967340469192584,1.0
207,- FEMALE b 25-34 anos SP SUDESTE,160,518,380041,866578,0.3088803088803089,0.4385537135722347,-0.12967340469192584,0.12967340469192584,1.0
206,- FEMALE b 25-34 anos SP,358,518,486537,866578,0.6911196911196911,0.5614462864277653,0.1296734046919258,0.1296734046919258,0.0
206,- FEMALE b 25-34 anos SP SUDESTE,358,518,486537,866578,0.6911196911196911,0.5614462864277653,0.1296734046919258,0.1296734046919258,0.0
302,- OPERADOR DE MÁQUINAS E EQUIPAMENTOS,84,271,380041,866578,0.30996309963099633,0.4385537135722347,-0.12859061394123839,0.12859061394123839,1.0
301,- OPERADOR DE MÁQUINAS E EQUIPAMENTOS,187,271,486537,866578,0.6900369003690037,0.5614462864277653,0.12859061394123839,0.12859061394123839,0.0
10,- f Ensino superior completo,2952,4280,486537,866578,0.6897196261682244,0.5614462864277653,0.12827333974045907,0.12827333974045907,0.0
11,- f Ensino superior completo,1328,4280,380041,866578,0.3102803738317757,0.4385537135722347,-0.128273339740459,0.128273339740459,1.0
314,- FEMALE e 55-64 anos CE NORDESTE,51,74,486537,866578,0.6891891891891891,0.5614462864277653,0.12774290276142386,0.12774290276142386,0.0
314,- FEMALE e 55-64 anos CE,51,74,486537,866578,0.6891891891891891,0.5614462864277653,0.12774290276142386,0.12774290276142386,0.0
236,- FEMALE c 35-44 anos PB,82,119,486537,866578,0.6890756302521008,0.5614462864277653,0.12762934382433555,0.12762934382433555,0.0
236,- FEMALE c 35-44 anos PB NORDESTE,82,119,486537,866578,0.6890756302521008,0.5614462864277653,0.12762934382433555,0.12762934382433555,0.0
189,- FARMACÊUTICO,53,77,486537,866578,0.6883116883116883,0.5614462864277653,0.12686540188392303,0.12686540188392303,0.0
186,- FEMALE b 25-34 anos PB NORDESTE,59,189,380041,866578,0.31216931216931215,0.4385537135722347,-0.12638440140292256,0.12638440140292256,1.0
186,- FEMALE b 25-34 anos PB,59,189,380041,866578,0.31216931216931215,0.4385537135722347,-0.12638440140292256,0.12638440140292256,1.0
185,- FEMALE b 25-34 anos PB,130,189,486537,866578,0.6878306878306878,0.5614462864277653,0.1263844014029225,0.1263844014029225,0.0
185,- FEMALE b 25-34 anos PB NORDESTE,130,189,486537,866578,0.6878306878306878,0.5614462864277653,0.1263844014029225,0.1263844014029225,0.0
559,- MALE d 45-54 anos BA NORDESTE,147,214,486537,866578,0.6869158878504673,0.5614462864277653,0.12546960142270203,0.12546960142270203,0.0
559,- MALE d 45-54 anos BA,147,214,486537,866578,0.6869158878504673,0.5614462864277653,0.12546960142270203,0.12546960142270203,0.0
560,- MALE d 45-54 anos BA NORDESTE,67,214,380041,866578,0.3130841121495327,0.4385537135722347,-0.12546960142270203,0.12546960142270203,1.0
560,- MALE d 45-54 anos BA,67,214,380041,866578,0.3130841121495327,0.4385537135722347,-0.12546960142270203,0.12546960142270203,1.0
474,- FEMALE c 35-44 anos CE NORDESTE Casado,85,124,486537,866578,0.6854838709677419,0.5614462864277653,0.1240375845399766,0.1240375845399766,0.0
277,- LOJAS DE COSMÉTICOS,61,89,486537,866578,0.6853932584269663,0.5614462864277653,0.12394697199920102,0.12394697199920102,0.0
494,- MALE b 25-34 anos SE,89,130,486537,866578,0.6846153846153846,0.5614462864277653,0.12316909818761934,0.12316909818761934,0.0
494,- MALE b 25-34 anos SE NORDESTE,89,130,486537,866578,0.6846153846153846,0.5614462864277653,0.12316909818761934,0.12316909818761934,0.0
5,- c 35-44 anos,2085,6605,380041,866578,0.315669947009841,0.4385537135722347,-0.12288376656239369,0.12288376656239369,1.0
4,- c 35-44 anos,4520,6605,486537,866578,0.6843300529901589,0.5614462864277653,0.12288376656239364,0.12288376656239364,0.0
32,- MALE d 45-54 anos,462,1463,380041,866578,0.3157894736842105,0.4385537135722347,-0.12276423988802421,0.12276423988802421,1.0
31,- MALE d 45-54 anos,1001,1463,486537,866578,0.6842105263157895,0.5614462864277653,0.12276423988802421,0.12276423988802421,0.0
159,- EMPRESÁRIO,356,1123,380041,866578,0.3170080142475512,0.4385537135722347,-0.12154569932468351,0.12154569932468351,1.0
158,- EMPRESÁRIO,767,1123,486537,866578,0.6829919857524488,0.5614462864277653,0.12154569932468351,0.12154569932468351,0.0
443,- MALE a ate 24 anos SP,376,551,486537,866578,0.6823956442831216,0.5614462864277653,0.12094935785535632,0.12094935785535632,0.0
444,- MALE a ate 24 anos SP,175,551,380041,866578,0.3176043557168784,0.4385537135722347,-0.12094935785535632,0.12094935785535632,1.0
444,- MALE a ate 24 anos SP SUDESTE,175,551,380041,866578,0.3176043557168784,0.4385537135722347,-0.12094935785535632,0.12094935785535632,1.0
443,- MALE a ate 24 anos SP SUDESTE,376,551,486537,866578,0.6823956442831216,0.5614462864277653,0.12094935785535632,0.12094935785535632,0.0
257,- FEMALE c 35-44 anos SP SUDESTE,158,232,486537,866578,0.6810344827586207,0.5614462864277653,0.11958819633085538,0.11958819633085538,0.0
258,- FEMALE c 35-44 anos SP SUDESTE,74,232,380041,866578,0.31896551724137934,0.4385537135722347,-0.11958819633085538,0.11958819633085538,1.0
258,- FEMALE c 35-44 anos SP,74,232,380041,866578,0.31896551724137934,0.4385537135722347,-0.11958819633085538,0.11958819633085538,1.0
257,- FEMALE c 35-44 anos SP,158,232,486537,866578,0.6810344827586207,0.5614462864277653,0.11958819633085538,0.11958819633085538,0.0
392,- PUBLICITÁRIO,64,94,486537,866578,0.6808510638297872,0.5614462864277653,0.11940477740202193,0.11940477740202193,0.0
1177,- MALE b 25-34 anos BA NORDESTE Casado,119,175,486537,866578,0.68,0.5614462864277653,0.11855371357223476,0.11855371357223476,0.0
1178,- MALE b 25-34 anos BA NORDESTE Casado,56,175,380041,866578,0.32,0.4385537135722347,-0.11855371357223471,0.11855371357223471,1.0
477,- MALE b 25-34 anos PE,496,730,486537,866578,0.6794520547945205,0.5614462864277653,0.11800576836675525,0.11800576836675525,0.0
478,- MALE b 25-34 anos PE,234,730,380041,866578,0.32054794520547947,0.4385537135722347,-0.11800576836675525,0.11800576836675525,1.0
477,- MALE b 25-34 anos PE NORDESTE,496,730,486537,866578,0.6794520547945205,0.5614462864277653,0.11800576836675525,0.11800576836675525,0.0
478,- MALE b 25-34 anos PE NORDESTE,234,730,380041,866578,0.32054794520547947,0.4385537135722347,-0.11800576836675525,0.11800576836675525,1.0
326,- FEMALE b 25-34 anos GO CENTRO-OESTE Solteiro,55,81,486537,866578,0.6790123456790124,0.5614462864277653,0.11756605925124708,0.11756605925124708,0.0
474,- MALE b 25-34 anos PA NORTE,55,171,380041,866578,0.3216374269005848,0.4385537135722347,-0.11691628667164994,0.11691628667164994,1.0
474,- MALE b 25-34 anos PA,55,171,380041,866578,0.3216374269005848,0.4385537135722347,-0.11691628667164994,0.11691628667164994,1.0
473,- MALE b 25-34 anos PA,116,171,486537,866578,0.6783625730994152,0.5614462864277653,0.11691628667164988,0.11691628667164988,0.0
473,- MALE b 25-34 anos PA NORTE,116,171,486537,866578,0.6783625730994152,0.5614462864277653,0.11691628667164988,0.11691628667164988,0.0
5,- MALE,5432,16820,380041,866578,0.32294887039239,0.4385537135722347,-0.11560484317984471,0.11560484317984471,1.0
4,- MALE,11388,16820,486537,866578,0.6770511296076099,0.5614462864277653,0.11560484317984465,0.11560484317984465,0.0
22,- MS,92,136,486537,866578,0.6764705882352942,0.5614462864277653,0.11502430180752887,0.11502430180752887,0.0
158,- FEMALE a ate 24 anos CE NORDESTE Solteiro,138,309,486537,866578,0.44660194174757284,0.5614462864277653,-0.11484434468019245,0.11484434468019245,0.0
159,- FEMALE a ate 24 anos CE NORDESTE Solteiro,171,309,380041,866578,0.5533980582524272,0.4385537135722347,0.11484434468019245,0.11484434468019245,1.0
35,- MALE f 65-74 anos,71,105,486537,866578,0.6761904761904762,0.5614462864277653,0.11474418976271095,0.11474418976271095,0.0
239,- FEMALE c 35-44 anos PE,105,324,380041,866578,0.32407407407407407,0.4385537135722347,-0.11447963949816065,0.11447963949816065,1.0
239,- FEMALE c 35-44 anos PE NORDESTE,105,324,380041,866578,0.32407407407407407,0.4385537135722347,-0.11447963949816065,0.11447963949816065,1.0
238,- FEMALE c 35-44 anos PE NORDESTE,219,324,486537,866578,0.6759259259259259,0.5614462864277653,0.11447963949816065,0.11447963949816065,0.0
238,- FEMALE c 35-44 anos PE,219,324,486537,866578,0.6759259259259259,0.5614462864277653,0.11447963949816065,0.11447963949816065,0.0
4,- ADVOGADO,202,299,486537,866578,0.6755852842809364,0.5614462864277653,0.11413899785317116,0.11413899785317116,0.0
5,- ADVOGADO,97,299,380041,866578,0.32441471571906355,0.4385537135722347,-0.11413899785317116,0.11413899785317116,1.0
6,- SUDESTE,6257,9264,486537,866578,0.6754101899827288,0.5614462864277653,0.11396390355496355,0.11396390355496355,0.0
7,- SUDESTE,3007,9264,380041,866578,0.32458981001727116,0.4385537135722347,-0.11396390355496355,0.11396390355496355,1.0
282,- LOJAS DE DEPARTAMENTO,473,1457,380041,866578,0.32463967055593684,0.4385537135722347,-0.11391404301629787,0.11391404301629787,1.0
281,- LOJAS DE DEPARTAMENTO,984,1457,486537,866578,0.6753603294440631,0.5614462864277653,0.11391404301629782,0.11391404301629782,0.0
1192,- MALE b 25-34 anos CE NORDESTE Solteiro,322,477,486537,866578,0.6750524109014675,0.5614462864277653,0.11360612447370222,0.11360612447370222,0.0
1193,- MALE b 25-34 anos CE NORDESTE Solteiro,155,477,380041,866578,0.3249475890985325,0.4385537135722347,-0.11360612447370222,0.11360612447370222,1.0
1,- Casado,2534,7788,380041,866578,0.3253723677452491,0.4385537135722347,-0.11318134582698564,0.11318134582698564,1.0
0,- Casado,5254,7788,486537,866578,0.6746276322547509,0.5614462864277653,0.11318134582698558,0.11318134582698558,0.0
1537,- MALE d 45-54 anos BA NORDESTE Casado,62,92,486537,866578,0.6739130434782609,0.5614462864277653,0.11246675705049558,0.11246675705049558,0.0
1200,- MALE b 25-34 anos ES SUDESTE Casado,64,95,486537,866578,0.6736842105263158,0.5614462864277653,0.11223792409855049,0.11223792409855049,0.0
218,- FEMALE c 35-44 anos CE NORDESTE,229,340,486537,866578,0.6735294117647059,0.5614462864277653,0.11208312533694065,0.11208312533694065,0.0
218,- FEMALE c 35-44 anos CE,229,340,486537,866578,0.6735294117647059,0.5614462864277653,0.11208312533694065,0.11208312533694065,0.0
219,- FEMALE c 35-44 anos CE,111,340,380041,866578,0.3264705882352941,0.4385537135722347,-0.11208312533694059,0.11208312533694059,1.0
219,- FEMALE c 35-44 anos CE NORDESTE,111,340,380041,866578,0.3264705882352941,0.4385537135722347,-0.11208312533694059,0.11208312533694059,1.0
516,- MALE c 35-44 anos GO CENTRO-OESTE,66,98,486537,866578,0.673469387755102,0.5614462864277653,0.11202310132733673,0.11202310132733673,0.0
516,- MALE c 35-44 anos GO,66,98,486537,866578,0.673469387755102,0.5614462864277653,0.11202310132733673,0.11202310132733673,0.0
1369,- MALE c 35-44 anos CE NORDESTE Casado,101,150,486537,866578,0.6733333333333333,0.5614462864277653,0.11188704690556805,0.11188704690556805,0.0
1153,- MALE a ate 24 anos SP SUDESTE Solteiro,348,517,486537,866578,0.6731141199226306,0.5614462864277653,0.11166783349486531,0.11166783349486531,0.0
1154,- MALE a ate 24 anos SP SUDESTE Solteiro,169,517,380041,866578,0.32688588007736946,0.4385537135722347,-0.11166783349486525,0.11166783349486525,1.0
494,- TAXI E LIMUSINE,588,1307,486537,866578,0.449885233358837,0.5614462864277653,-0.11156105306892827,0.11156105306892827,0.0
495,- TAXI E LIMUSINE,719,1307,380041,866578,0.550114766641163,0.4385537135722347,0.11156105306892827,0.11156105306892827,1.0
24,- MT,113,168,486537,866578,0.6726190476190477,0.5614462864277653,0.11117276119128239,0.11117276119128239,0.0
25,- MT,55,168,380041,866578,0.3273809523809524,0.4385537135722347,-0.11117276119128233,0.11117276119128233,1.0
519,- TV A CABO E OUTROS TIPOS DE PAGA,83,184,486537,866578,0.45108695652173914,0.5614462864277653,-0.11035932990602615,0.11035932990602615,0.0
520,- TV A CABO E OUTROS TIPOS DE PAGA,101,184,380041,866578,0.5489130434782609,0.4385537135722347,0.11035932990602615,0.11035932990602615,1.0
370,- PROFISSIONAL DE MARKETING,51,76,486537,866578,0.6710526315789473,0.5614462864277653,0.10960634515118206,0.10960634515118206,0.0
3,- b 25-34 anos,3752,11392,380041,866578,0.32935393258426965,0.4385537135722347,-0.10919978098796507,0.10919978098796507,1.0
2,- b 25-34 anos,7640,11392,486537,866578,0.6706460674157303,0.5614462864277653,0.10919978098796501,0.10919978098796501,0.0
1257,- MALE b 25-34 anos PB NORDESTE Solteiro,60,182,380041,866578,0.32967032967032966,0.4385537135722347,-0.10888338390190505,0.10888338390190505,1.0
1256,- MALE b 25-34 anos PB NORDESTE Solteiro,122,182,486537,866578,0.6703296703296703,0.5614462864277653,0.108883383901905,0.108883383901905,0.0
1362,- MALE c 35-44 anos BA NORDESTE Casado,70,212,380041,866578,0.330188679245283,0.4385537135722347,-0.10836503432695171,0.10836503432695171,1.0
1361,- MALE c 35-44 anos BA NORDESTE Casado,142,212,486537,866578,0.6698113207547169,0.5614462864277653,0.10836503432695166,0.10836503432695166,0.0
7913,- MALE a ate 24 anos PE NORDESTE Solteiro AUTÔNOMO,73,109,486537,866578,0.6697247706422018,0.5614462864277653,0.10827848421443653,0.10827848421443653,0.0
458,- MALE b 25-34 anos CE,217,657,380041,866578,0.3302891933028919,0.4385537135722347,-0.1082645202693428,0.1082645202693428,1.0
458,- MALE b 25-34 anos CE NORDESTE,217,657,380041,866578,0.3302891933028919,0.4385537135722347,-0.1082645202693428,0.1082645202693428,1.0
457,- MALE b 25-34 anos CE,440,657,486537,866578,0.669710806697108,0.5614462864277653,0.10826452026934275,0.10826452026934275,0.0
457,- MALE b 25-34 anos CE NORDESTE,440,657,486537,866578,0.669710806697108,0.5614462864277653,0.10826452026934275,0.10826452026934275,0.0
175,- FEMALE b 25-34 anos MA NORDESTE,77,115,486537,866578,0.6695652173913044,0.5614462864277653,0.10811893096353908,0.10811893096353908,0.0
175,- FEMALE b 25-34 anos MA,77,115,486537,866578,0.6695652173913044,0.5614462864277653,0.10811893096353908,0.10811893096353908,0.0
298,- FEMALE b 25-34 anos CE NORDESTE Casado,89,133,486537,866578,0.6691729323308271,0.5614462864277653,0.1077266459030618,0.1077266459030618,0.0
528,- MALE c 35-44 anos PB,95,142,486537,866578,0.6690140845070423,0.5614462864277653,0.10756779807927697,0.10756779807927697,0.0
528,- MALE c 35-44 anos PB NORDESTE,95,142,486537,866578,0.6690140845070423,0.5614462864277653,0.10756779807927697,0.10756779807927697,0.0
1265,- MALE b 25-34 anos PE NORDESTE Solteiro,169,510,380041,866578,0.33137254901960783,0.4385537135722347,-0.10718116455262688,0.10718116455262688,1.0
1264,- MALE b 25-34 anos PE NORDESTE Solteiro,341,510,486537,866578,0.6686274509803921,0.5614462864277653,0.10718116455262683,0.10718116455262683,0.0
1183,- MALE b 25-34 anos BA NORDESTE Solteiro,396,593,486537,866578,0.6677908937605397,0.5614462864277653,0.1063446073327744,0.1063446073327744,0.0
1184,- MALE b 25-34 anos BA NORDESTE Solteiro,197,593,380041,866578,0.33220910623946037,0.4385537135722347,-0.10634460733277434,0.10634460733277434,1.0
1543,- MALE d 45-54 anos BA NORDESTE Solteiro,62,93,486537,866578,0.6666666666666666,0.5614462864277653,0.10522038023890135,0.10522038023890135,0.0
32,- APOSENTADO,389,584,486537,866578,0.666095890410959,0.5614462864277653,0.10464960398319367,0.10464960398319367,0.0
33,- APOSENTADO,195,584,380041,866578,0.3339041095890411,0.4385537135722347,-0.10464960398319362,0.10464960398319362,1.0
20,- MG,1499,2251,486537,866578,0.6659262549977788,0.5614462864277653,0.10447996857001352,0.10447996857001352,0.0
21,- MG,752,2251,380041,866578,0.33407374500222126,0.4385537135722347,-0.10447996857001346,0.10447996857001346,1.0
1368,- MALE c 35-44 anos BA NORDESTE Solteiro,103,308,380041,866578,0.3344155844155844,0.4385537135722347,-0.10413812915665033,0.10413812915665033,1.0
1367,- MALE c 35-44 anos BA NORDESTE Solteiro,205,308,486537,866578,0.6655844155844156,0.5614462864277653,0.10413812915665033,0.10413812915665033,0.0
555,- FEMALE c 35-44 anos PE NORDESTE Solteiro,56,167,380041,866578,0.33532934131736525,0.4385537135722347,-0.10322437225486947,0.10322437225486947,1.0
554,- FEMALE c 35-44 anos PE NORDESTE Solteiro,111,167,486537,866578,0.6646706586826348,0.5614462864277653,0.10322437225486947,0.10322437225486947,0.0
246,- FEMALE c 35-44 anos RN NORDESTE,101,152,486537,866578,0.6644736842105263,0.5614462864277653,0.10302739778276104,0.10302739778276104,0.0
247,- FEMALE c 35-44 anos RN NORDESTE,51,152,380041,866578,0.3355263157894737,0.4385537135722347,-0.10302739778276104,0.10302739778276104,1.0
247,- FEMALE c 35-44 anos RN,51,152,380041,866578,0.3355263157894737,0.4385537135722347,-0.10302739778276104,0.10302739778276104,1.0
246,- FEMALE c 35-44 anos RN,101,152,486537,866578,0.6644736842105263,0.5614462864277653,0.10302739778276104,0.10302739778276104,0.0
548,- FEMALE c 35-44 anos PE NORDESTE Casado,79,119,486537,866578,0.6638655462184874,0.5614462864277653,0.10241925979072208,0.10241925979072208,0.0
1447,- MALE c 35-44 anos PE NORDESTE Solteiro,71,211,380041,866578,0.33649289099526064,0.4385537135722347,-0.10206082257697408,0.10206082257697408,1.0
1446,- MALE c 35-44 anos PE NORDESTE Solteiro,140,211,486537,866578,0.6635071090047393,0.5614462864277653,0.10206082257697402,0.10206082257697402,0.0
455,- MALE b 25-34 anos BA,536,808,486537,866578,0.6633663366336634,0.5614462864277653,0.10192005020589812,0.10192005020589812,0.0
455,- MALE b 25-34 anos BA NORDESTE,536,808,486537,866578,0.6633663366336634,0.5614462864277653,0.10192005020589812,0.10192005020589812,0.0
456,- MALE b 25-34 anos BA,272,808,380041,866578,0.33663366336633666,0.4385537135722347,-0.10192005020589806,0.10192005020589806,1.0
456,- MALE b 25-34 anos BA NORDESTE,272,808,380041,866578,0.33663366336633666,0.4385537135722347,-0.10192005020589806,0.10192005020589806,1.0
333,- FEMALE b 25-34 anos MA NORDESTE Solteiro,59,89,486537,866578,0.6629213483146067,0.5614462864277653,0.10147506188684141,0.10147506188684141,0.0
480,- FEMALE c 35-44 anos CE NORDESTE Solteiro,112,169,486537,866578,0.6627218934911243,0.5614462864277653,0.10127560706335903,0.10127560706335903,0.0
481,- FEMALE c 35-44 anos CE NORDESTE Solteiro,57,169,380041,866578,0.33727810650887574,0.4385537135722347,-0.10127560706335897,0.10127560706335897,1.0
475,- MALE b 25-34 anos PB,167,252,486537,866578,0.6626984126984127,0.5614462864277653,0.10125212627064739,0.10125212627064739,0.0
476,- MALE b 25-34 anos PB NORDESTE,85,252,380041,866578,0.3373015873015873,0.4385537135722347,-0.10125212627064739,0.10125212627064739,1.0
475,- MALE b 25-34 anos PB NORDESTE,167,252,486537,866578,0.6626984126984127,0.5614462864277653,0.10125212627064739,0.10125212627064739,0.0
476,- MALE b 25-34 anos PB,85,252,380041,866578,0.3373015873015873,0.4385537135722347,-0.10125212627064739,0.10125212627064739,1.0
508,- MALE c 35-44 anos BA NORDESTE,381,575,486537,866578,0.662608695652174,0.5614462864277653,0.10116240922440867,0.10116240922440867,0.0
508,- MALE c 35-44 anos BA,381,575,486537,866578,0.662608695652174,0.5614462864277653,0.10116240922440867,0.10116240922440867,0.0
509,- MALE c 35-44 anos BA,194,575,380041,866578,0.3373913043478261,0.4385537135722347,-0.10116240922440861,0.10116240922440861,1.0
509,- MALE c 35-44 anos BA NORDESTE,194,575,380041,866578,0.3373913043478261,0.4385537135722347,-0.10116240922440861,0.10116240922440861,1.0
515,- FEMALE c 35-44 anos MG SUDESTE Solteiro,51,77,486537,866578,0.6623376623376623,0.5614462864277653,0.10089137590989705,0.10089137590989705,0.0
36,- RJ,1145,1730,486537,866578,0.661849710982659,0.5614462864277653,0.1004034245548937,0.1004034245548937,0.0
37,- RJ,585,1730,380041,866578,0.33815028901734107,0.4385537135722347,-0.10040342455489365,0.10040342455489365,1.0
405,- PRODUTOS DIVERSOS PARA A CASA,132,245,380041,866578,0.5387755102040817,0.4385537135722347,0.10022179663184694,0.10022179663184694,1.0
404,- PRODUTOS DIVERSOS PARA A CASA,113,245,486537,866578,0.46122448979591835,0.5614462864277653,-0.10022179663184694,0.10022179663184694,0.0
1168,- MALE b 25-34 anos AL NORDESTE Solteiro,107,162,486537,866578,0.6604938271604939,0.5614462864277653,0.09904754073272859,0.09904754073272859,0.0
1169,- MALE b 25-34 anos AL NORDESTE Solteiro,55,162,380041,866578,0.3395061728395062,0.4385537135722347,-0.09904754073272853,0.09904754073272853,1.0
74,- BALCONISTA,88,259,380041,866578,0.33976833976833976,0.4385537135722347,-0.09878537380389496,0.09878537380389496,1.0
73,- BALCONISTA,171,259,486537,866578,0.6602316602316602,0.5614462864277653,0.09878537380389496,0.09878537380389496,0.0
204,- FEMALE b 25-34 anos SE,60,91,486537,866578,0.6593406593406593,0.5614462864277653,0.09789437291289405,0.09789437291289405,0.0
204,- FEMALE b 25-34 anos SE NORDESTE,60,91,486537,866578,0.6593406593406593,0.5614462864277653,0.09789437291289405,0.09789437291289405,0.0
501,- VENDEDOR DE LOJAS,122,358,380041,866578,0.3407821229050279,0.4385537135722347,-0.09777159066720681,0.09777159066720681,1.0
500,- VENDEDOR DE LOJAS,236,358,486537,866578,0.659217877094972,0.5614462864277653,0.09777159066720675,0.09777159066720675,0.0
354,- PROFESSOR DA EDUCAÇÃO INFANTIL,56,85,486537,866578,0.6588235294117647,0.5614462864277653,0.09737724298399941,0.09737724298399941,0.0
220,- GERENTE OU SUPERVISOR DE EMPRESA INDUSTRIAL,81,237,380041,866578,0.34177215189873417,0.4385537135722347,-0.09678156167350055,0.09678156167350055,1.0
10542,- MALE a ate 24 anos PE NORDESTE Solteiro AUTÔNOMO d Ensino médio completo,52,79,486537,866578,0.6582278481012658,0.5614462864277653,0.0967815616735005,0.0967815616735005,0.0
219,- GERENTE OU SUPERVISOR DE EMPRESA INDUSTRIAL,156,237,486537,866578,0.6582278481012658,0.5614462864277653,0.0967815616735005,0.0967815616735005,0.0
419,- RESTAURANTES,268,408,486537,866578,0.6568627450980392,0.5614462864277653,0.09541645867027393,0.09541645867027393,0.0
420,- RESTAURANTES,140,408,380041,866578,0.3431372549019608,0.4385537135722347,-0.09541645867027393,0.09541645867027393,1.0
2,- Divorciado,857,1306,486537,866578,0.6562021439509954,0.5614462864277653,0.09475585752323012,0.09475585752323012,0.0
3,- Divorciado,449,1306,380041,866578,0.3437978560490046,0.4385537135722347,-0.09475585752323012,0.09475585752323012,1.0
0,- ADMINISTRADOR,750,1143,486537,866578,0.6561679790026247,0.5614462864277653,0.0947216925748594,0.0947216925748594,0.0
1,- ADMINISTRADOR,393,1143,380041,866578,0.3438320209973753,0.4385537135722347,-0.0947216925748594,0.0947216925748594,1.0
1248,- MALE b 25-34 anos PA NORTE Solteiro,78,119,486537,866578,0.6554621848739496,0.5614462864277653,0.0940158984461843,0.0940158984461843,0.0
1138,- MALE a ate 24 anos RS SUL Solteiro,55,84,486537,866578,0.6547619047619048,0.5614462864277653,0.09331561833413948,0.09331561833413948,0.0
18,- FEMALE e 55-64 anos,229,663,380041,866578,0.3453996983408748,0.4385537135722347,-0.09315401523135991,0.09315401523135991,1.0
17,- FEMALE e 55-64 anos,434,663,486537,866578,0.6546003016591252,0.5614462864277653,0.09315401523135991,0.09315401523135991,0.0
386,- PIERCING / TATUAGENS,72,110,486537,866578,0.6545454545454545,0.5614462864277653,0.09309916811768926,0.09309916811768926,0.0
104,- COMERCIANTE,431,659,486537,866578,0.65402124430956,0.5614462864277653,0.0925749578817947,0.0925749578817947,0.0
105,- COMERCIANTE,228,659,380041,866578,0.34597875569044007,0.4385537135722347,-0.09257495788179465,0.09257495788179465,1.0
370,- FEMALE b 25-34 anos PE NORDESTE Casado,102,156,486537,866578,0.6538461538461539,0.5614462864277653,0.09239986741838857,0.09239986741838857,0.0
371,- FEMALE b 25-34 anos PE NORDESTE Casado,54,156,380041,866578,0.34615384615384615,0.4385537135722347,-0.09239986741838857,0.09239986741838857,1.0
18,- MA,505,773,486537,866578,0.6532988357050453,0.5614462864277653,0.09185254927728004,0.09185254927728004,0.0
19,- MA,268,773,380041,866578,0.34670116429495473,0.4385537135722347,-0.09185254927727998,0.09185254927727998,1.0
237,- FEMALE a ate 24 anos RN NORDESTE Solteiro,80,151,380041,866578,0.5298013245033113,0.4385537135722347,0.09124761093107658,0.09124761093107658,1.0
236,- FEMALE a ate 24 anos RN NORDESTE Solteiro,71,151,486537,866578,0.47019867549668876,0.5614462864277653,-0.09124761093107653,0.09124761093107653,0.0
486,- MALE b 25-34 anos RN,95,273,380041,866578,0.34798534798534797,0.4385537135722347,-0.09056836558688675,0.09056836558688675,1.0
10,- f 65-74 anos,178,273,486537,866578,0.652014652014652,0.5614462864277653,0.09056836558688675,0.09056836558688675,0.0
486,- MALE b 25-34 anos RN NORDESTE,95,273,380041,866578,0.34798534798534797,0.4385537135722347,-0.09056836558688675,0.09056836558688675,1.0
485,- MALE b 25-34 anos RN,178,273,486537,866578,0.652014652014652,0.5614462864277653,0.09056836558688675,0.09056836558688675,0.0
11,- f 65-74 anos,95,273,380041,866578,0.34798534798534797,0.4385537135722347,-0.09056836558688675,0.09056836558688675,1.0
485,- MALE b 25-34 anos RN NORDESTE,178,273,486537,866578,0.652014652014652,0.5614462864277653,0.09056836558688675,0.09056836558688675,0.0
1187,- MALE b 25-34 anos CE NORDESTE Casado,53,152,380041,866578,0.34868421052631576,0.4385537135722347,-0.08986950304591895,0.08986950304591895,1.0
1186,- MALE b 25-34 anos CE NORDESTE Casado,99,152,486537,866578,0.6513157894736842,0.5614462864277653,0.0898695030459189,0.0898695030459189,0.0
1,- CENTRO-OESTE,530,1519,380041,866578,0.3489137590520079,0.4385537135722347,-0.08963995452022683,0.08963995452022683,1.0
0,- CENTRO-OESTE,989,1519,486537,866578,0.6510862409479921,0.5614462864277653,0.08963995452022677,0.08963995452022677,0.0
163,- ENFERMEIRO,100,286,380041,866578,0.34965034965034963,0.4385537135722347,-0.08890336392188508,0.08890336392188508,1.0
162,- ENFERMEIRO,186,286,486537,866578,0.6503496503496503,0.5614462864277653,0.08890336392188503,0.08890336392188503,0.0
5,- Outros,331,944,380041,866578,0.350635593220339,0.4385537135722347,-0.08791812035189572,0.08791812035189572,1.0
4,- Outros,613,944,486537,866578,0.649364406779661,0.5614462864277653,0.08791812035189572,0.08791812035189572,0.0
170,- DISTRIBUIDORES DE MERCADORIAS NÃO DURÁVEIS,72,111,486537,866578,0.6486486486486487,0.5614462864277653,0.0872023622208834,0.0872023622208834,0.0
6,- D ate R$ 4000,1533,2364,486537,866578,0.6484771573604061,0.5614462864277653,0.08703087093264084,0.08703087093264084,0.0
7,- D ate R$ 4000,831,2364,380041,866578,0.35152284263959394,0.4385537135722347,-0.08703087093264078,0.08703087093264078,1.0
514,- MALE c 35-44 anos ES SUDESTE,83,128,486537,866578,0.6484375,0.5614462864277653,0.08699121357223472,0.08699121357223472,0.0
514,- MALE c 35-44 anos ES,83,128,486537,866578,0.6484375,0.5614462864277653,0.08699121357223472,0.08699121357223472,0.0
437,- MALE a ate 24 anos RS,59,91,486537,866578,0.6483516483516484,0.5614462864277653,0.0869053619238831,0.0869053619238831,0.0
437,- MALE a ate 24 anos RS SUL,59,91,486537,866578,0.6483516483516484,0.5614462864277653,0.0869053619238831,0.0869053619238831,0.0
115,- FEMALE a ate 24 anos CE NORDESTE,186,354,380041,866578,0.5254237288135594,0.4385537135722347,0.08687001524132465,0.08687001524132465,1.0
115,- FEMALE a ate 24 anos CE,186,354,380041,866578,0.5254237288135594,0.4385537135722347,0.08687001524132465,0.08687001524132465,1.0
114,- FEMALE a ate 24 anos CE,168,354,486537,866578,0.4745762711864407,0.5614462864277653,-0.0868700152413246,0.0868700152413246,0.0
114,- FEMALE a ate 24 anos CE NORDESTE,168,354,486537,866578,0.4745762711864407,0.5614462864277653,-0.0868700152413246,0.0868700152413246,0.0
335,- FEMALE b 25-34 anos MG SUDESTE Casado,57,88,486537,866578,0.6477272727272727,0.5614462864277653,0.08628098629950742,0.08628098629950742,0.0
291,- FEMALE b 25-34 anos BA NORDESTE Casado,62,176,380041,866578,0.3522727272727273,0.4385537135722347,-0.08628098629950742,0.08628098629950742,1.0
290,- FEMALE b 25-34 anos BA NORDESTE Casado,114,176,486537,866578,0.6477272727272727,0.5614462864277653,0.08628098629950742,0.08628098629950742,0.0
18,- AGRÔNOMO,181,280,486537,866578,0.6464285714285715,0.5614462864277653,0.08498228500080618,0.08498228500080618,0.0
19,- AGRÔNOMO,99,280,380041,866578,0.3535714285714286,0.4385537135722347,-0.08498228500080612,0.08498228500080612,1.0
303,- OPERADOR DE TELEMARKETING,133,206,486537,866578,0.6456310679611651,0.5614462864277653,0.08418478153339981,0.08418478153339981,0.0
304,- OPERADOR DE TELEMARKETING,73,206,380041,866578,0.35436893203883496,0.4385537135722347,-0.08418478153339976,0.08418478153339976,1.0
9,- E ate R$ 5000,756,2124,380041,866578,0.3559322033898305,0.4385537135722347,-0.08262151018240421,0.08262151018240421,1.0
8,- E ate R$ 5000,1368,2124,486537,866578,0.6440677966101694,0.5614462864277653,0.08262151018240416,0.08262151018240416,0.0
427,- MALE a ate 24 anos PR SUL,76,118,486537,866578,0.6440677966101694,0.5614462864277653,0.08262151018240416,0.08262151018240416,0.0
427,- MALE a ate 24 anos PR,76,118,486537,866578,0.6440677966101694,0.5614462864277653,0.08262151018240416,0.08262151018240416,0.0
2,- b 1-2 anos de conta,12822,19919,486537,866578,0.6437070134042874,0.5614462864277653,0.08226072697652209,0.08226072697652209,0.0
3,- b 1-2 anos de conta,7097,19919,380041,866578,0.3562929865957126,0.4385537135722347,-0.08226072697652209,0.08226072697652209,1.0
312,- FEMALE e 55-64 anos BA,90,140,486537,866578,0.6428571428571429,0.5614462864277653,0.08141085642937762,0.08141085642937762,0.0
312,- FEMALE e 55-64 anos BA NORDESTE,90,140,486537,866578,0.6428571428571429,0.5614462864277653,0.08141085642937762,0.08141085642937762,0.0
9262,- MALE b 25-34 anos CE NORDESTE Solteiro AUTÔNOMO,72,112,486537,866578,0.6428571428571429,0.5614462864277653,0.08141085642937762,0.08141085642937762,0.0
8,- e 55-64 anos,695,1082,486537,866578,0.6423290203327172,0.5614462864277653,0.08088273390495193,0.08088273390495193,0.0
9,- e 55-64 anos,387,1082,380041,866578,0.3576709796672828,0.4385537135722347,-0.08088273390495193,0.08088273390495193,1.0
1296,- MALE b 25-34 anos RN NORDESTE Solteiro,131,204,486537,866578,0.6421568627450981,0.5614462864277653,0.0807105763173328,0.0807105763173328,0.0
1297,- MALE b 25-34 anos RN NORDESTE Solteiro,73,204,380041,866578,0.35784313725490197,0.4385537135722347,-0.08071057631733275,0.08071057631733275,1.0
13,- FEMALE c 35-44 anos,1758,2741,486537,866578,0.6413717621306093,0.5614462864277653,0.07992547570284403,0.07992547570284403,0.0
14,- FEMALE c 35-44 anos,983,2741,380041,866578,0.35862823786939074,0.4385537135722347,-0.07992547570284397,0.07992547570284397,1.0
33,- PI,185,514,380041,866578,0.35992217898832685,0.4385537135722347,-0.07863153458390787,0.07863153458390787,1.0
32,- PI,329,514,486537,866578,0.6400778210116731,0.5614462864277653,0.07863153458390781,0.07863153458390781,0.0
425,- SUPERVISOR DE VENDAS,64,100,486537,866578,0.64,0.5614462864277653,0.07855371357223473,0.07855371357223473,0.0
9,- e Ensino superior incompleto,1898,5272,380041,866578,0.3600151745068285,0.4385537135722347,-0.0785385390654062,0.0785385390654062,1.0
8,- e Ensino superior incompleto,3374,5272,486537,866578,0.6399848254931715,0.5614462864277653,0.0785385390654062,0.0785385390654062,0.0
410,- MALE a ate 24 anos GO CENTRO-OESTE,58,161,380041,866578,0.36024844720496896,0.4385537135722347,-0.07830526636726576,0.07830526636726576,1.0
409,- MALE a ate 24 anos GO CENTRO-OESTE,103,161,486537,866578,0.639751552795031,0.5614462864277653,0.07830526636726576,0.07830526636726576,0.0
410,- MALE a ate 24 anos GO,58,161,380041,866578,0.36024844720496896,0.4385537135722347,-0.07830526636726576,0.07830526636726576,1.0
409,- MALE a ate 24 anos GO,103,161,486537,866578,0.639751552795031,0.5614462864277653,0.07830526636726576,0.07830526636726576,0.0
7,- d 45-54 anos,1056,2930,380041,866578,0.3604095563139932,0.4385537135722347,-0.07814415725824153,0.07814415725824153,1.0
6,- d 45-54 anos,1874,2930,486537,866578,0.6395904436860068,0.5614462864277653,0.07814415725824153,0.07814415725824153,0.0
1067,- MALE a ate 24 anos GO CENTRO-OESTE Solteiro,94,147,486537,866578,0.6394557823129252,0.5614462864277653,0.07800949588515993,0.07800949588515993,0.0
1068,- MALE a ate 24 anos GO CENTRO-OESTE Solteiro,53,147,380041,866578,0.36054421768707484,0.4385537135722347,-0.07800949588515987,0.07800949588515987,1.0
168,- FEMALE b 25-34 anos CE,185,513,380041,866578,0.36062378167641324,0.4385537135722347,-0.07792993189582148,0.07792993189582148,1.0
168,- FEMALE b 25-34 anos CE NORDESTE,185,513,380041,866578,0.36062378167641324,0.4385537135722347,-0.07792993189582148,0.07792993189582148,1.0
167,- FEMALE b 25-34 anos CE,328,513,486537,866578,0.6393762183235867,0.5614462864277653,0.07792993189582142,0.07792993189582142,0.0
167,- FEMALE b 25-34 anos CE NORDESTE,328,513,486537,866578,0.6393762183235867,0.5614462864277653,0.07792993189582142,0.07792993189582142,0.0
98,- CHEFE DE COZINHA,57,158,380041,866578,0.36075949367088606,0.4385537135722347,-0.07779421990134866,0.07779421990134866,1.0
97,- CHEFE DE COZINHA,101,158,486537,866578,0.6392405063291139,0.5614462864277653,0.0777942199013486,0.0777942199013486,0.0
187,- ESTUDANTE,476,745,486537,866578,0.6389261744966444,0.5614462864277653,0.07747988806887907,0.07747988806887907,0.0
188,- ESTUDANTE,269,745,380041,866578,0.3610738255033557,0.4385537135722347,-0.07747988806887901,0.07747988806887901,1.0
0,- a Ensino fundamental incompleto,1199,1877,486537,866578,0.6387852956846031,0.5614462864277653,0.07733900925683779,0.07733900925683779,0.0
1,- a Ensino fundamental incompleto,678,1877,380041,866578,0.36121470431539693,0.4385537135722347,-0.07733900925683779,0.07733900925683779,1.0
222,- FEMALE c 35-44 anos ES SUDESTE,76,119,486537,866578,0.6386554621848739,0.5614462864277653,0.07720917575710862,0.07720917575710862,0.0
222,- FEMALE c 35-44 anos ES,76,119,486537,866578,0.6386554621848739,0.5614462864277653,0.07720917575710862,0.07720917575710862,0.0
414,- MALE a ate 24 anos MG,133,368,380041,866578,0.36141304347826086,0.4385537135722347,-0.07714067009397385,0.07714067009397385,1.0
413,- MALE a ate 24 anos MG SUDESTE,235,368,486537,866578,0.6385869565217391,0.5614462864277653,0.07714067009397385,0.07714067009397385,0.0
413,- MALE a ate 24 anos MG,235,368,486537,866578,0.6385869565217391,0.5614462864277653,0.07714067009397385,0.07714067009397385,0.0
414,- MALE a ate 24 anos MG SUDESTE,133,368,380041,866578,0.36141304347826086,0.4385537135722347,-0.07714067009397385,0.07714067009397385,1.0
424,- MALE a ate 24 anos PE,152,420,380041,866578,0.3619047619047619,0.4385537135722347,-0.07664895166747282,0.07664895166747282,1.0
424,- MALE a ate 24 anos PE NORDESTE,152,420,380041,866578,0.3619047619047619,0.4385537135722347,-0.07664895166747282,0.07664895166747282,1.0
423,- MALE a ate 24 anos PE NORDESTE,268,420,486537,866578,0.638095238095238,0.5614462864277653,0.07664895166747276,0.07664895166747276,0.0
423,- MALE a ate 24 anos PE,268,420,486537,866578,0.638095238095238,0.5614462864277653,0.07664895166747276,0.07664895166747276,0.0
1104,- MALE a ate 24 anos PE NORDESTE Solteiro,142,392,380041,866578,0.3622448979591837,0.4385537135722347,-0.07630881561305103,0.07630881561305103,1.0
1103,- MALE a ate 24 anos PE NORDESTE Solteiro,250,392,486537,866578,0.6377551020408163,0.5614462864277653,0.07630881561305103,0.07630881561305103,0.0
174,- FEMALE b 25-34 anos GO,58,160,380041,866578,0.3625,0.4385537135722347,-0.07605371357223473,0.07605371357223473,1.0
174,- FEMALE b 25-34 anos GO CENTRO-OESTE,58,160,380041,866578,0.3625,0.4385537135722347,-0.07605371357223473,0.07605371357223473,1.0
111,- COMÉRCIO EM GERAL,51,80,486537,866578,0.6375,0.5614462864277653,0.07605371357223467,0.07605371357223467,0.0
173,- FEMALE b 25-34 anos GO,102,160,486537,866578,0.6375,0.5614462864277653,0.07605371357223467,0.07605371357223467,0.0
173,- FEMALE b 25-34 anos GO CENTRO-OESTE,102,160,486537,866578,0.6375,0.5614462864277653,0.07605371357223467,0.07605371357223467,0.0
1115,- MALE a ate 24 anos PR SUL Solteiro,72,113,486537,866578,0.6371681415929203,0.5614462864277653,0.07572185516515506,0.07572185516515506,0.0
20,- FEMALE f 65-74 anos,61,168,380041,866578,0.3630952380952381,0.4385537135722347,-0.07545847547699663,0.07545847547699663,1.0
19,- FEMALE f 65-74 anos,107,168,486537,866578,0.6369047619047619,0.5614462864277653,0.07545847547699658,0.07545847547699658,0.0
30,- PE,2142,3371,486537,866578,0.6354197567487393,0.5614462864277653,0.07397347032097401,0.07397347032097401,0.0
31,- PE,1229,3371,380041,866578,0.36458024325126076,0.4385537135722347,-0.07397347032097396,0.07397347032097396,1.0
178,- FEMALE b 25-34 anos MG,124,340,380041,866578,0.36470588235294116,0.4385537135722347,-0.07384783121929356,0.07384783121929356,1.0
178,- FEMALE b 25-34 anos MG SUDESTE,124,340,380041,866578,0.36470588235294116,0.4385537135722347,-0.07384783121929356,0.07384783121929356,1.0
177,- FEMALE b 25-34 anos MG,216,340,486537,866578,0.6352941176470588,0.5614462864277653,0.0738478312192935,0.0738478312192935,0.0
177,- FEMALE b 25-34 anos MG SUDESTE,216,340,486537,866578,0.6352941176470588,0.5614462864277653,0.0738478312192935,0.0738478312192935,0.0
142,- FEMALE a ate 24 anos RN NORDESTE,83,170,486537,866578,0.48823529411764705,0.5614462864277653,-0.07321099231011824,0.07321099231011824,0.0
142,- FEMALE a ate 24 anos RN,83,170,486537,866578,0.48823529411764705,0.5614462864277653,-0.07321099231011824,0.07321099231011824,0.0
143,- FEMALE a ate 24 anos RN NORDESTE,87,170,380041,866578,0.5117647058823529,0.4385537135722347,0.07321099231011818,0.07321099231011818,1.0
143,- FEMALE a ate 24 anos RN,87,170,380041,866578,0.5117647058823529,0.4385537135722347,0.07321099231011818,0.07321099231011818,1.0
474,- SEX SHOP / LOJAS DE MÁGICAS ARTIGOS PARA FEST,92,145,486537,866578,0.6344827586206897,0.5614462864277653,0.07303647219292442,0.07303647219292442,0.0
475,- SEX SHOP / LOJAS DE MÁGICAS ARTIGOS PARA FEST,53,145,380041,866578,0.36551724137931035,0.4385537135722347,-0.07303647219292436,0.07303647219292436,1.0
6,- Solteiro,12783,20164,486537,866578,0.633951596905376,0.5614462864277653,0.07250531047761066,0.07250531047761066,0.0
7,- Solteiro,7381,20164,380041,866578,0.3660484030946241,0.4385537135722347,-0.07250531047761061,0.07250531047761061,1.0
24,- ANALISTA DE NÍVEL TÉCNICO,76,120,486537,866578,0.6333333333333333,0.5614462864277653,0.07188704690556802,0.07188704690556802,0.0
358,- FEMALE b 25-34 anos PA NORTE Solteiro,57,90,486537,866578,0.6333333333333333,0.5614462864277653,0.07188704690556802,0.07188704690556802,0.0
28,- PB,777,1227,486537,866578,0.6332518337408313,0.5614462864277653,0.07180554731306599,0.07180554731306599,0.0
29,- PB,450,1227,380041,866578,0.36674816625916873,0.4385537135722347,-0.07180554731306599,0.07180554731306599,1.0
86,- CASAS DE CAMBIO,299,586,380041,866578,0.5102389078498294,0.4385537135722347,0.07168519427759468,0.07168519427759468,1.0
85,- CASAS DE CAMBIO,287,586,486537,866578,0.48976109215017066,0.5614462864277653,-0.07168519427759462,0.07168519427759462,0.0
304,- FEMALE b 25-34 anos CE NORDESTE Solteiro,218,345,486537,866578,0.6318840579710145,0.5614462864277653,0.07043777154324926,0.07043777154324926,0.0
305,- FEMALE b 25-34 anos CE NORDESTE Solteiro,127,345,380041,866578,0.3681159420289855,0.4385537135722347,-0.0704377715432492,0.0704377715432492,1.0
1079,- MALE a ate 24 anos MG SUDESTE Solteiro,126,342,380041,866578,0.3684210526315789,0.4385537135722347,-0.07013266094065579,0.07013266094065579,1.0
1078,- MALE a ate 24 anos MG SUDESTE Solteiro,216,342,486537,866578,0.631578947368421,0.5614462864277653,0.07013266094065573,0.07013266094065573,0.0
212,- FUNCIONÁRIO PÚBLICO,141,382,380041,866578,0.36910994764397903,0.4385537135722347,-0.06944376592825569,0.06944376592825569,1.0
211,- FUNCIONÁRIO PÚBLICO,241,382,486537,866578,0.6308900523560209,0.5614462864277653,0.06944376592825563,0.06944376592825563,0.0
65,- AUXILIAR ADMINISTRATIVO,815,1293,486537,866578,0.6303170920340294,0.5614462864277653,0.06887080560626413,0.06887080560626413,0.0
66,- AUXILIAR ADMINISTRATIVO,478,1293,380041,866578,0.3696829079659706,0.4385537135722347,-0.06887080560626413,0.06887080560626413,1.0
5,- AM,64,173,380041,866578,0.3699421965317919,0.4385537135722347,-0.06861151704044283,0.06861151704044283,1.0
4,- AM,109,173,486537,866578,0.630057803468208,0.5614462864277653,0.06861151704044277,0.06861151704044277,0.0
401,- REPOSITOR,56,151,380041,866578,0.3708609271523179,0.4385537135722347,-0.06769278641991683,0.06769278641991683,1.0
400,- REPOSITOR,95,151,486537,866578,0.6291390728476821,0.5614462864277653,0.06769278641991683,0.06769278641991683,0.0
11,- CE,1119,3016,380041,866578,0.3710212201591512,0.4385537135722347,-0.06753249341308354,0.06753249341308354,1.0
10,- CE,1897,3016,486537,866578,0.6289787798408488,0.5614462864277653,0.06753249341308354,0.06753249341308354,0.0
281,- MOTORISTA,352,560,486537,866578,0.6285714285714286,0.5614462864277653,0.06712514214366327,0.06712514214366327,0.0
282,- MOTORISTA,208,560,380041,866578,0.37142857142857144,0.4385537135722347,-0.06712514214366327,0.06712514214366327,1.0
479,- MALE b 25-34 anos PI,66,105,486537,866578,0.6285714285714286,0.5614462864277653,0.06712514214366327,0.06712514214366327,0.0
479,- MALE b 25-34 anos PI NORDESTE,66,105,486537,866578,0.6285714285714286,0.5614462864277653,0.06712514214366327,0.06712514214366327,0.0
16,- GO,575,915,486537,866578,0.6284153005464481,0.5614462864277653,0.06696901411868283,0.06696901411868283,0.0
17,- GO,340,915,380041,866578,0.37158469945355194,0.4385537135722347,-0.06696901411868278,0.06696901411868278,1.0
7,- d Ensino médio completo,4999,13449,380041,866578,0.3717004981783032,0.4385537135722347,-0.06685321539393152,0.06685321539393152,1.0
6,- d Ensino médio completo,8450,13449,486537,866578,0.6282995018216968,0.5614462864277653,0.06685321539393152,0.06685321539393152,0.0
393,- POSTOS COMBUSTIVEIS,276,742,380041,866578,0.3719676549865229,0.4385537135722347,-0.06658605858571182,0.06658605858571182,1.0
392,- POSTOS COMBUSTIVEIS,466,742,486537,866578,0.628032345013477,0.5614462864277653,0.06658605858571176,0.06658605858571176,0.0
12,- FEMALE b 25-34 anos,1748,4698,380041,866578,0.3720732226479353,0.4385537135722347,-0.06648049092429942,0.06648049092429942,1.0
11,- FEMALE b 25-34 anos,2950,4698,486537,866578,0.6279267773520647,0.5614462864277653,0.06648049092429942,0.06648049092429942,0.0
193,- FEMALE b 25-34 anos RJ SUDESTE,153,244,486537,866578,0.6270491803278688,0.5614462864277653,0.06560289390010354,0.06560289390010354,0.0
194,- FEMALE b 25-34 anos RJ SUDESTE,91,244,380041,866578,0.3729508196721312,0.4385537135722347,-0.06560289390010354,0.06560289390010354,1.0
194,- FEMALE b 25-34 anos RJ,91,244,380041,866578,0.3729508196721312,0.4385537135722347,-0.06560289390010354,0.06560289390010354,1.0
193,- FEMALE b 25-34 anos RJ,153,244,486537,866578,0.6270491803278688,0.5614462864277653,0.06560289390010354,0.06560289390010354,0.0
37,- ARQUITETO,52,83,486537,866578,0.6265060240963856,0.5614462864277653,0.06505973766862028,0.06505973766862028,0.0
331,- FEMALE e 55-64 anos PE NORDESTE,52,83,486537,866578,0.6265060240963856,0.5614462864277653,0.06505973766862028,0.06505973766862028,0.0
331,- FEMALE e 55-64 anos PE,52,83,486537,866578,0.6265060240963856,0.5614462864277653,0.06505973766862028,0.06505973766862028,0.0
2,- b Ensino fundamental completo,1177,1881,486537,866578,0.6257309941520468,0.5614462864277653,0.06428470772428152,0.06428470772428152,0.0
3,- b Ensino fundamental completo,704,1881,380041,866578,0.3742690058479532,0.4385537135722347,-0.06428470772428152,0.06428470772428152,1.0
160,- FEMALE b 25-34 anos AL,73,195,380041,866578,0.37435897435897436,0.4385537135722347,-0.06419473921326035,0.06419473921326035,1.0
159,- FEMALE b 25-34 anos AL,122,195,486537,866578,0.6256410256410256,0.5614462864277653,0.06419473921326035,0.06419473921326035,0.0
159,- FEMALE b 25-34 anos AL NORDESTE,122,195,486537,866578,0.6256410256410256,0.5614462864277653,0.06419473921326035,0.06419473921326035,0.0
160,- FEMALE b 25-34 anos AL NORDESTE,73,195,380041,866578,0.37435897435897436,0.4385537135722347,-0.06419473921326035,0.06419473921326035,1.0
4,- NORTE,789,1262,486537,866578,0.6251980982567353,0.5614462864277653,0.06375181182897005,0.06375181182897005,0.0
5,- NORTE,473,1262,380041,866578,0.37480190174326466,0.4385537135722347,-0.06375181182897005,0.06375181182897005,1.0
2,- NORDESTE,10422,16701,486537,866578,0.6240344889527574,0.5614462864277653,0.06258820252499209,0.06258820252499209,0.0
3,- NORDESTE,6279,16701,380041,866578,0.3759655110472427,0.4385537135722347,-0.06258820252499203,0.06258820252499203,1.0
619,- FEMALE c 35-44 anos SP SUDESTE Casado,53,85,486537,866578,0.6235294117647059,0.5614462864277653,0.0620831253369406,0.0620831253369406,0.0
26,- PA,468,751,486537,866578,0.6231691078561917,0.5614462864277653,0.061722821428426444,0.061722821428426444,0.0
27,- PA,283,751,380041,866578,0.37683089214380827,0.4385537135722347,-0.061722821428426444,0.061722821428426444,1.0
49,- SE,242,642,380041,866578,0.37694704049844235,0.4385537135722347,-0.06160667307379236,0.06160667307379236,1.0
48,- SE,400,642,486537,866578,0.6230529595015576,0.5614462864277653,0.061606673073792306,0.061606673073792306,0.0
1965,- FEMALE b 25-34 anos BA NORDESTE Solteiro AUTÔNOMO,70,140,486537,866578,0.5,0.5614462864277653,-0.061446286427765284,0.061446286427765284,0.0
1966,- FEMALE b 25-34 anos BA NORDESTE Solteiro AUTÔNOMO,70,140,380041,866578,0.5,0.4385537135722347,0.061446286427765284,0.061446286427765284,1.0
341,- FEMALE b 25-34 anos MG SUDESTE Solteiro,145,233,486537,866578,0.6223175965665236,0.5614462864277653,0.06087131013875835,0.06087131013875835,0.0
342,- FEMALE b 25-34 anos MG SUDESTE Solteiro,88,233,380041,866578,0.3776824034334764,0.4385537135722347,-0.060871310138758294,0.060871310138758294,1.0
313,"- MARKETING DIRETO (CATÁLOGO, TELEFONE, INTERNET O",68,180,380041,866578,0.37777777777777777,0.4385537135722347,-0.06077593579445695,0.06077593579445695,1.0
1,-,68,180,380041,866578,0.37777777777777777,0.4385537135722347,-0.06077593579445695,0.06077593579445695,1.0
0,-,112,180,486537,866578,0.6222222222222222,0.5614462864277653,0.06077593579445695,0.06077593579445695,0.0
25,- m Outros,68,180,380041,866578,0.37777777777777777,0.4385537135722347,-0.06077593579445695,0.06077593579445695,1.0
24,- m Outros,112,180,486537,866578,0.6222222222222222,0.5614462864277653,0.06077593579445695,0.06077593579445695,0.0
312,"- MARKETING DIRETO (CATÁLOGO, TELEFONE, INTERNET O",112,180,486537,866578,0.6222222222222222,0.5614462864277653,0.06077593579445695,0.06077593579445695,0.0
183,- FEMALE b 25-34 anos PA,74,119,486537,866578,0.6218487394957983,0.5614462864277653,0.060402453068033046,0.060402453068033046,0.0
183,- FEMALE b 25-34 anos PA NORTE,74,119,486537,866578,0.6218487394957983,0.5614462864277653,0.060402453068033046,0.060402453068033046,0.0
482,- TÉCNICO EM ELETRO-ELETRÔNICA,69,111,486537,866578,0.6216216216216216,0.5614462864277653,0.060175335193856316,0.060175335193856316,0.0
435,- FEMALE b 25-34 anos SP SUDESTE Casado,53,140,380041,866578,0.37857142857142856,0.4385537135722347,-0.05998228500080616,0.05998228500080616,1.0
434,- FEMALE b 25-34 anos SP SUDESTE Casado,87,140,486537,866578,0.6214285714285714,0.5614462864277653,0.05998228500080616,0.05998228500080616,0.0
211,- FEMALE c 35-44 anos AL NORDESTE,64,103,486537,866578,0.6213592233009708,0.5614462864277653,0.059912936873205536,0.059912936873205536,0.0
211,- FEMALE c 35-44 anos AL,64,103,486537,866578,0.6213592233009708,0.5614462864277653,0.059912936873205536,0.059912936873205536,0.0
34,- MALE e 55-64 anos,158,416,380041,866578,0.3798076923076923,0.4385537135722347,-0.058746021264542425,0.058746021264542425,1.0
33,- MALE e 55-64 anos,258,416,486537,866578,0.6201923076923077,0.5614462864277653,0.058746021264542425,0.058746021264542425,0.0
207,- FEMALE a ate 24 anos PB NORDESTE Solteiro,74,149,380041,866578,0.4966442953020134,0.4385537135722347,0.05809058172977871,0.05809058172977871,1.0
206,- FEMALE a ate 24 anos PB NORDESTE Solteiro,75,149,486537,866578,0.5033557046979866,0.5614462864277653,-0.058090581729778656,0.058090581729778656,0.0
498,- VENDEDOR,617,996,486537,866578,0.6194779116465864,0.5614462864277653,0.058031625218821103,0.058031625218821103,0.0
499,- VENDEDOR,379,996,380041,866578,0.38052208835341367,0.4385537135722347,-0.05803162521882105,0.05803162521882105,1.0
154,- EMPREGADO,73,118,486537,866578,0.6186440677966102,0.5614462864277653,0.0571977813688449,0.0571977813688449,0.0
464,- FEMALE c 35-44 anos BA NORDESTE Casado,120,194,486537,866578,0.6185567010309279,0.5614462864277653,0.057110414603162574,0.057110414603162574,0.0
465,- FEMALE c 35-44 anos BA NORDESTE Casado,74,194,380041,866578,0.38144329896907214,0.4385537135722347,-0.057110414603162574,0.057110414603162574,1.0
304,- FEMALE d 45-54 anos SP,63,102,486537,866578,0.6176470588235294,0.5614462864277653,0.056200772395764154,0.056200772395764154,0.0
304,- FEMALE d 45-54 anos SP SUDESTE,63,102,486537,866578,0.6176470588235294,0.5614462864277653,0.056200772395764154,0.056200772395764154,0.0
3,- AL,465,1215,380041,866578,0.38271604938271603,0.4385537135722347,-0.05583766418951869,0.05583766418951869,1.0
2,- AL,750,1215,486537,866578,0.6172839506172839,0.5614462864277653,0.05583766418951863,0.05583766418951863,0.0
228,- FEMALE c 35-44 anos MG,114,185,486537,866578,0.6162162162162163,0.5614462864277653,0.054769929788450966,0.054769929788450966,0.0
228,- FEMALE c 35-44 anos MG SUDESTE,114,185,486537,866578,0.6162162162162163,0.5614462864277653,0.054769929788450966,0.054769929788450966,0.0
229,- FEMALE c 35-44 anos MG,71,185,380041,866578,0.3837837837837838,0.4385537135722347,-0.05476992978845091,0.05476992978845091,1.0
229,- FEMALE c 35-44 anos MG SUDESTE,71,185,380041,866578,0.3837837837837838,0.4385537135722347,-0.05476992978845091,0.05476992978845091,1.0
397,- FEMALE b 25-34 anos RJ SUDESTE Solteiro,96,156,486537,866578,0.6153846153846154,0.5614462864277653,0.053938328956850135,0.053938328956850135,0.0
150,- ELETRICISTA,104,169,486537,866578,0.6153846153846154,0.5614462864277653,0.053938328956850135,0.053938328956850135,0.0
398,- FEMALE b 25-34 anos RJ SUDESTE Solteiro,60,156,380041,866578,0.38461538461538464,0.4385537135722347,-0.05393832895685008,0.05393832895685008,1.0
151,- ELETRICISTA,65,169,380041,866578,0.38461538461538464,0.4385537135722347,-0.05393832895685008,0.05393832895685008,1.0
1131,- FEMALE a ate 24 anos PE NORDESTE Solteiro AUTÔNOMO,60,122,380041,866578,0.4918032786885246,0.4385537135722347,0.053249565116289865,0.053249565116289865,1.0
1130,- FEMALE a ate 24 anos PE NORDESTE Solteiro AUTÔNOMO,62,122,486537,866578,0.5081967213114754,0.5614462864277653,-0.053249565116289865,0.053249565116289865,0.0
441,- MALE a ate 24 anos SE,67,109,486537,866578,0.6146788990825688,0.5614462864277653,0.0532326126548035,0.0532326126548035,0.0
441,- MALE a ate 24 anos SE NORDESTE,67,109,486537,866578,0.6146788990825688,0.5614462864277653,0.0532326126548035,0.0532326126548035,0.0
581,- MALE d 45-54 anos PE NORDESTE,102,166,486537,866578,0.6144578313253012,0.5614462864277653,0.0530115448975359,0.0530115448975359,0.0
581,- MALE d 45-54 anos PE,102,166,486537,866578,0.6144578313253012,0.5614462864277653,0.0530115448975359,0.0530115448975359,0.0
582,- MALE d 45-54 anos PE,64,166,380041,866578,0.3855421686746988,0.4385537135722347,-0.0530115448975359,0.0530115448975359,1.0
582,- MALE d 45-54 anos PE NORDESTE,64,166,380041,866578,0.3855421686746988,0.4385537135722347,-0.0530115448975359,0.0530115448975359,1.0
9,- Viuvo,98,254,380041,866578,0.3858267716535433,0.4385537135722347,-0.05272694191869143,0.05272694191869143,1.0
8,- Viuvo,156,254,486537,866578,0.6141732283464567,0.5614462864277653,0.05272694191869143,0.05272694191869143,0.0
256,- LANCHONETES,803,1639,380041,866578,0.4899328859060403,0.4385537135722347,0.05137917233380557,0.05137917233380557,1.0
255,- LANCHONETES,836,1639,486537,866578,0.5100671140939598,0.5614462864277653,-0.05137917233380551,0.05137917233380551,0.0
88,- CABELEIREIRO,150,387,380041,866578,0.3875968992248062,0.4385537135722347,-0.05095681434742849,0.05095681434742849,1.0
278,- FEMALE b 25-34 anos AL NORDESTE Solteiro,79,129,486537,866578,0.6124031007751938,0.5614462864277653,0.05095681434742849,0.05095681434742849,0.0
87,- CABELEIREIRO,237,387,486537,866578,0.6124031007751938,0.5614462864277653,0.05095681434742849,0.05095681434742849,0.0
651,- FEMALE d 45-54 anos BA NORDESTE Solteiro,90,147,486537,866578,0.6122448979591837,0.5614462864277653,0.0507986115314184,0.0507986115314184,0.0
652,- FEMALE d 45-54 anos BA NORDESTE Solteiro,57,147,380041,866578,0.3877551020408163,0.4385537135722347,-0.0507986115314184,0.0507986115314184,1.0
266,- FEMALE d 45-54 anos BA NORDESTE,183,299,486537,866578,0.6120401337792643,0.5614462864277653,0.050593847351498966,0.050593847351498966,0.0
266,- FEMALE d 45-54 anos BA,183,299,486537,866578,0.6120401337792643,0.5614462864277653,0.050593847351498966,0.050593847351498966,0.0
267,- FEMALE d 45-54 anos BA NORDESTE,116,299,380041,866578,0.3879598662207358,0.4385537135722347,-0.05059384735149891,0.05059384735149891,1.0
267,- FEMALE d 45-54 anos BA,116,299,380041,866578,0.3879598662207358,0.4385537135722347,-0.05059384735149891,0.05059384735149891,1.0
5,- C ate R$ 3000,1990,5127,380041,866578,0.3881412131850985,0.4385537135722347,-0.05041250038713624,0.05041250038713624,1.0
4,- C ate R$ 3000,3137,5127,486537,866578,0.6118587868149015,0.5614462864277653,0.05041250038713618,0.05041250038713618,0.0
3067,- FEMALE b 25-34 anos PE NORDESTE Solteiro AUTÔNOMO,74,121,486537,866578,0.6115702479338843,0.5614462864277653,0.050123961506118975,0.050123961506118975,0.0
561,- MALE d 45-54 anos CE NORDESTE,74,121,486537,866578,0.6115702479338843,0.5614462864277653,0.050123961506118975,0.050123961506118975,0.0
561,- MALE d 45-54 anos CE,74,121,486537,866578,0.6115702479338843,0.5614462864277653,0.050123961506118975,0.050123961506118975,0.0
40,- RO,66,108,486537,866578,0.6111111111111112,0.5614462864277653,0.049664824683345876,0.049664824683345876,0.0
8,- BA,2775,4542,486537,866578,0.6109643328929987,0.5614462864277653,0.04951804646523339,0.04951804646523339,0.0
9,- BA,1767,4542,380041,866578,0.3890356671070013,0.4385537135722347,-0.04951804646523339,0.04951804646523339,1.0
63,- AUTÔNOMO,3997,6548,486537,866578,0.6104153940134392,0.5614462864277653,0.048969107585673965,0.048969107585673965,0.0
64,- AUTÔNOMO,2551,6548,380041,866578,0.3895846059865608,0.4385537135722347,-0.04896910758567391,0.04896910758567391,1.0
368,- PAGAMENTOS DE TAXAS,100,256,380041,866578,0.390625,0.4385537135722347,-0.047928713572234716,0.047928713572234716,1.0
367,- PAGAMENTOS DE TAXAS,156,256,486537,866578,0.609375,0.5614462864277653,0.047928713572234716,0.047928713572234716,0.0
358,- PROFESSOR DO ENSINO MÉDIO,67,110,486537,866578,0.6090909090909091,0.5614462864277653,0.04764462266314384,0.04764462266314384,0.0
25,- MALE a ate 24 anos,2644,4342,486537,866578,0.6089359742054353,0.5614462864277653,0.04748968777767004,0.04748968777767004,0.0
26,- MALE a ate 24 anos,1698,4342,380041,866578,0.39106402579456473,0.4385537135722347,-0.04748968777766999,0.04748968777766999,1.0
645,- FEMALE d 45-54 anos BA NORDESTE Casado,70,115,486537,866578,0.6086956521739131,0.5614462864277653,0.0472493657461478,0.0472493657461478,0.0
269,- FEMALE d 45-54 anos CE NORDESTE,62,158,380041,866578,0.3924050632911392,0.4385537135722347,-0.046148650281095493,0.046148650281095493,1.0
268,- FEMALE d 45-54 anos CE NORDESTE,96,158,486537,866578,0.6075949367088608,0.5614462864277653,0.046148650281095493,0.046148650281095493,0.0
268,- FEMALE d 45-54 anos CE,96,158,486537,866578,0.6075949367088608,0.5614462864277653,0.046148650281095493,0.046148650281095493,0.0
269,- FEMALE d 45-54 anos CE,62,158,380041,866578,0.3924050632911392,0.4385537135722347,-0.046148650281095493,0.046148650281095493,1.0
9007,- MALE b 25-34 anos BA NORDESTE Solteiro AUTÔNOMO,68,112,486537,866578,0.6071428571428571,0.5614462864277653,0.04569657071509181,0.04569657071509181,0.0
125,- FEMALE a ate 24 anos MG SUDESTE,125,318,380041,866578,0.39308176100628933,0.4385537135722347,-0.045471952565945384,0.045471952565945384,1.0
124,- FEMALE a ate 24 anos MG SUDESTE,193,318,486537,866578,0.6069182389937107,0.5614462864277653,0.045471952565945384,0.045471952565945384,0.0
124,- FEMALE a ate 24 anos MG,193,318,486537,866578,0.6069182389937107,0.5614462864277653,0.045471952565945384,0.045471952565945384,0.0
125,- FEMALE a ate 24 anos MG,125,318,380041,866578,0.39308176100628933,0.4385537135722347,-0.045471952565945384,0.045471952565945384,1.0
112,- FEMALE a ate 24 anos BA,303,587,486537,866578,0.5161839863713799,0.5614462864277653,-0.04526230005638543,0.04526230005638543,0.0
112,- FEMALE a ate 24 anos BA NORDESTE,303,587,486537,866578,0.5161839863713799,0.5614462864277653,-0.04526230005638543,0.04526230005638543,0.0
113,- FEMALE a ate 24 anos BA,284,587,380041,866578,0.4838160136286201,0.4385537135722347,0.045262300056385374,0.045262300056385374,1.0
113,- FEMALE a ate 24 anos BA NORDESTE,284,587,380041,866578,0.4838160136286201,0.4385537135722347,0.045262300056385374,0.045262300056385374,1.0
245,- FEMALE c 35-44 anos RJ,59,150,380041,866578,0.3933333333333333,0.4385537135722347,-0.0452203802389014,0.0452203802389014,1.0
244,- FEMALE c 35-44 anos RJ SUDESTE,91,150,486537,866578,0.6066666666666667,0.5614462864277653,0.0452203802389014,0.0452203802389014,0.0
244,- FEMALE c 35-44 anos RJ,91,150,486537,866578,0.6066666666666667,0.5614462864277653,0.0452203802389014,0.0452203802389014,0.0
245,- FEMALE c 35-44 anos RJ SUDESTE,59,150,380041,866578,0.3933333333333333,0.4385537135722347,-0.0452203802389014,0.0452203802389014,1.0
337,- FEMALE a ate 24 anos BA NORDESTE Solteiro AUTÔNOMO,78,151,486537,866578,0.5165562913907285,0.5614462864277653,-0.044889995037036834,0.044889995037036834,0.0
338,- FEMALE a ate 24 anos BA NORDESTE Solteiro AUTÔNOMO,73,151,380041,866578,0.48344370860927155,0.4385537135722347,0.044889995037036834,0.044889995037036834,1.0
3,- FEMALE,5333,13540,380041,866578,0.39387001477104877,0.4385537135722347,-0.044683698801185945,0.044683698801185945,1.0
2,- FEMALE,8207,13540,486537,866578,0.6061299852289512,0.5614462864277653,0.044683698801185945,0.044683698801185945,0.0
180,- FEMALE a ate 24 anos MA NORDESTE Solteiro,75,124,486537,866578,0.6048387096774194,0.5614462864277653,0.04339242324965409,0.04339242324965409,0.0
38,- RN,847,1401,486537,866578,0.6045681655960029,0.5614462864277653,0.04312187916823762,0.04312187916823762,0.0
39,- RN,554,1401,380041,866578,0.39543183440399715,0.4385537135722347,-0.043121879168237565,0.043121879168237565,1.0
68,- BEBIDAS,56,108,486537,866578,0.5185185185185185,0.5614462864277653,-0.042927767909246795,0.042927767909246795,0.0
69,- BEBIDAS,52,108,380041,866578,0.48148148148148145,0.4385537135722347,0.04292776790924674,0.04292776790924674,1.0
188,- FEMALE a ate 24 anos MG SUDESTE Solteiro,112,283,380041,866578,0.3957597173144876,0.4385537135722347,-0.0427939962577471,0.0427939962577471,1.0
187,- FEMALE a ate 24 anos MG SUDESTE Solteiro,171,283,486537,866578,0.6042402826855123,0.5614462864277653,0.04279399625774705,0.04279399625774705,0.0
461,- MALE b 25-34 anos ES,258,427,486537,866578,0.6042154566744731,0.5614462864277653,0.04276917024670779,0.04276917024670779,0.0
461,- MALE b 25-34 anos ES SUDESTE,258,427,486537,866578,0.6042154566744731,0.5614462864277653,0.04276917024670779,0.04276917024670779,0.0
462,- MALE b 25-34 anos ES SUDESTE,169,427,380041,866578,0.3957845433255269,0.4385537135722347,-0.04276917024670779,0.04276917024670779,1.0
462,- MALE b 25-34 anos ES,169,427,380041,866578,0.3957845433255269,0.4385537135722347,-0.04276917024670779,0.04276917024670779,1.0
133,- FEMALE a ate 24 anos PB,82,171,380041,866578,0.47953216374269003,0.4385537135722347,0.040978450170455316,0.040978450170455316,1.0
133,- FEMALE a ate 24 anos PB NORDESTE,82,171,380041,866578,0.47953216374269003,0.4385537135722347,0.040978450170455316,0.040978450170455316,1.0
132,- FEMALE a ate 24 anos PB,89,171,486537,866578,0.52046783625731,0.5614462864277653,-0.040978450170455316,0.040978450170455316,0.0
132,- FEMALE a ate 24 anos PB NORDESTE,89,171,486537,866578,0.52046783625731,0.5614462864277653,-0.040978450170455316,0.040978450170455316,0.0
184,- ESTETICISTA,63,105,486537,866578,0.6,0.5614462864277653,0.038553713572234694,0.038553713572234694,0.0
150,- FEMALE a ate 24 anos BA NORDESTE Solteiro,239,501,380041,866578,0.47704590818363274,0.4385537135722347,0.03849219461139802,0.03849219461139802,1.0
149,- FEMALE a ate 24 anos BA NORDESTE Solteiro,262,501,486537,866578,0.5229540918163673,0.5614462864277653,-0.03849219461139797,0.03849219461139797,0.0
4,- c Ensino médio incompleto,980,1637,486537,866578,0.5986560781918143,0.5614462864277653,0.03720979176404904,0.03720979176404904,0.0
5,- c Ensino médio incompleto,657,1637,380041,866578,0.40134392180818573,0.4385537135722347,-0.03720979176404898,0.03720979176404898,1.0
456,- TRABALHADOR RURAL,67,112,486537,866578,0.5982142857142857,0.5614462864277653,0.036767999286520414,0.036767999286520414,0.0
1147,- MALE a ate 24 anos SE NORDESTE Solteiro,61,102,486537,866578,0.5980392156862745,0.5614462864277653,0.03659292925850921,0.03659292925850921,0.0
293,- FEMALE d 45-54 anos RJ SUDESTE,58,97,486537,866578,0.5979381443298969,0.5614462864277653,0.03649185790213161,0.03649185790213161,0.0
293,- FEMALE d 45-54 anos RJ,58,97,486537,866578,0.5979381443298969,0.5614462864277653,0.03649185790213161,0.03649185790213161,0.0
166,- FEMALE b 25-34 anos BA,282,701,380041,866578,0.40228245363766046,0.4385537135722347,-0.03627125993457425,0.03627125993457425,1.0
166,- FEMALE b 25-34 anos BA NORDESTE,282,701,380041,866578,0.40228245363766046,0.4385537135722347,-0.03627125993457425,0.03627125993457425,1.0
165,- FEMALE b 25-34 anos BA,419,701,486537,866578,0.5977175463623395,0.5614462864277653,0.03627125993457425,0.03627125993457425,0.0
165,- FEMALE b 25-34 anos BA NORDESTE,419,701,486537,866578,0.5977175463623395,0.5614462864277653,0.03627125993457425,0.03627125993457425,0.0
135,- FEMALE a ate 24 anos AL NORDESTE Solteiro,92,175,486537,866578,0.5257142857142857,0.5614462864277653,-0.035732000713479595,0.035732000713479595,0.0
136,- FEMALE a ate 24 anos AL NORDESTE Solteiro,83,175,380041,866578,0.4742857142857143,0.4385537135722347,0.035732000713479595,0.035732000713479595,1.0
90,- CASAS DE LEILÃO / DESENHISTA GRÁFICOS OUTROS,170,422,380041,866578,0.4028436018957346,0.4385537135722347,-0.03571011167650012,0.03571011167650012,1.0
89,- CASAS DE LEILÃO / DESENHISTA GRÁFICOS OUTROS,252,422,486537,866578,0.5971563981042654,0.5614462864277653,0.03571011167650007,0.03571011167650007,0.0
265,- FEMALE a ate 24 anos SP SUDESTE Solteiro,123,305,380041,866578,0.40327868852459015,0.4385537135722347,-0.03527502504764457,0.03527502504764457,1.0
264,- FEMALE a ate 24 anos SP SUDESTE Solteiro,182,305,486537,866578,0.5967213114754099,0.5614462864277653,0.03527502504764457,0.03527502504764457,0.0
493,- TAXI / LIMOUSINES,357,755,380041,866578,0.4728476821192053,0.4385537135722347,0.03429396854697059,0.03429396854697059,1.0
492,- TAXI / LIMOUSINES,398,755,486537,866578,0.5271523178807948,0.5614462864277653,-0.03429396854697053,0.03429396854697053,0.0
187,- FEMALE b 25-34 anos PE NORDESTE,315,529,486537,866578,0.5954631379962193,0.5614462864277653,0.03401685156845402,0.03401685156845402,0.0
187,- FEMALE b 25-34 anos PE,315,529,486537,866578,0.5954631379962193,0.5614462864277653,0.03401685156845402,0.03401685156845402,0.0
188,- FEMALE b 25-34 anos PE,214,529,380041,866578,0.4045368620037807,0.4385537135722347,-0.03401685156845402,0.03401685156845402,1.0
188,- FEMALE b 25-34 anos PE NORDESTE,214,529,380041,866578,0.4045368620037807,0.4385537135722347,-0.03401685156845402,0.03401685156845402,1.0
176,- FEMALE a ate 24 anos GO CENTRO-OESTE Solteiro,51,108,380041,866578,0.4722222222222222,0.4385537135722347,0.033668508649987494,0.033668508649987494,1.0
175,- FEMALE a ate 24 anos GO CENTRO-OESTE Solteiro,57,108,486537,866578,0.5277777777777778,0.5614462864277653,-0.033668508649987494,0.033668508649987494,0.0
435,- SALAO DE BELEZA / BARBEARIA DEPILAÇÃO MANICU,72,121,486537,866578,0.5950413223140496,0.5614462864277653,0.03359503588628432,0.03359503588628432,0.0
155,- FEMALE a ate 24 anos SP SUDESTE,143,353,380041,866578,0.40509915014164305,0.4385537135722347,-0.033454563430591666,0.033454563430591666,1.0
155,- FEMALE a ate 24 anos SP,143,353,380041,866578,0.40509915014164305,0.4385537135722347,-0.033454563430591666,0.033454563430591666,1.0
154,- FEMALE a ate 24 anos SP,210,353,486537,866578,0.5949008498583569,0.5614462864277653,0.03345456343059161,0.03345456343059161,0.0
154,- FEMALE a ate 24 anos SP SUDESTE,210,353,486537,866578,0.5949008498583569,0.5614462864277653,0.03345456343059161,0.03345456343059161,0.0
313,- OUTROS,464,780,486537,866578,0.5948717948717949,0.5614462864277653,0.033425508444029584,0.033425508444029584,0.0
314,- OUTROS,316,780,380041,866578,0.40512820512820513,0.4385537135722347,-0.033425508444029584,0.033425508444029584,1.0
160,- ENCARREGADO GERAIS,88,148,486537,866578,0.5945945945945946,0.5614462864277653,0.03314830816682934,0.03314830816682934,0.0
161,- ENCARREGADO GERAIS,60,148,380041,866578,0.40540540540540543,0.4385537135722347,-0.03314830816682929,0.03314830816682929,1.0
122,- FEMALE a ate 24 anos MA NORDESTE,82,138,486537,866578,0.5942028985507246,0.5614462864277653,0.03275661212295933,0.03275661212295933,0.0
122,- FEMALE a ate 24 anos MA,82,138,486537,866578,0.5942028985507246,0.5614462864277653,0.03275661212295933,0.03275661212295933,0.0
123,- FEMALE a ate 24 anos MA,56,138,380041,866578,0.4057971014492754,0.4385537135722347,-0.03275661212295933,0.03275661212295933,1.0
123,- FEMALE a ate 24 anos MA NORDESTE,56,138,380041,866578,0.4057971014492754,0.4385537135722347,-0.03275661212295933,0.03275661212295933,1.0
15,- FEMALE d 45-54 anos,858,1444,486537,866578,0.5941828254847645,0.5614462864277653,0.03273653905699925,0.03273653905699925,0.0
16,- FEMALE d 45-54 anos,586,1444,380041,866578,0.40581717451523547,0.4385537135722347,-0.03273653905699925,0.03273653905699925,1.0
323,- PEDREIRO,98,165,486537,866578,0.593939393939394,0.5614462864277653,0.032493107511628705,0.032493107511628705,0.0
324,- PEDREIRO,67,165,380041,866578,0.40606060606060607,0.4385537135722347,-0.03249310751162865,0.03249310751162865,1.0
401,- MALE a ate 24 anos BA,320,539,486537,866578,0.5936920222634509,0.5614462864277653,0.032245735835685574,0.032245735835685574,0.0
402,- MALE a ate 24 anos BA,219,539,380041,866578,0.40630797773654914,0.4385537135722347,-0.032245735835685574,0.032245735835685574,1.0
402,- MALE a ate 24 anos BA NORDESTE,219,539,380041,866578,0.40630797773654914,0.4385537135722347,-0.032245735835685574,0.032245735835685574,1.0
401,- MALE a ate 24 anos BA NORDESTE,320,539,486537,866578,0.5936920222634509,0.5614462864277653,0.032245735835685574,0.032245735835685574,0.0
170,- FEMALE a ate 24 anos ES SUDESTE Solteiro,86,183,380041,866578,0.46994535519125685,0.4385537135722347,0.03139164161902214,0.03139164161902214,1.0
169,- FEMALE a ate 24 anos ES SUDESTE Solteiro,97,183,486537,866578,0.5300546448087432,0.5614462864277653,-0.03139164161902208,0.03139164161902208,0.0
157,- EMPREGADO DOMÉSTICO,61,130,380041,866578,0.46923076923076923,0.4385537135722347,0.030677055658534513,0.030677055658534513,1.0
156,- EMPREGADO DOMÉSTICO,69,130,486537,866578,0.5307692307692308,0.5614462864277653,-0.030677055658534513,0.030677055658534513,0.0
90,- CAIXA,153,375,380041,866578,0.408,0.4385537135722347,-0.030553713572234742,0.030553713572234742,1.0
53,- TO,51,125,380041,866578,0.408,0.4385537135722347,-0.030553713572234742,0.030553713572234742,1.0
89,- CAIXA,222,375,486537,866578,0.592,0.5614462864277653,0.030553713572234686,0.030553713572234686,0.0
52,- TO,74,125,486537,866578,0.592,0.5614462864277653,0.030553713572234686,0.030553713572234686,0.0
1050,- MALE a ate 24 anos CE NORDESTE Solteiro,210,355,486537,866578,0.5915492957746479,0.5614462864277653,0.030103009346882592,0.030103009346882592,0.0
1051,- MALE a ate 24 anos CE NORDESTE Solteiro,145,355,380041,866578,0.4084507042253521,0.4385537135722347,-0.030103009346882592,0.030103009346882592,1.0
